"","id","scenario","decision","prior","strength","truth","signal","belief"
"1",1,1,1,0.1,0.7,FALSE,NA,0.1
"2",1,2,1,0.5,0.9,FALSE,NA,0.6
"3",1,3,1,0.1,0.7,FALSE,NA,0.1
"4",1,4,1,0.9,0.7,TRUE,NA,0.9
"5",1,5,1,0.4,0.8,FALSE,NA,0.3
"6",1,6,1,0.2,0.8,TRUE,NA,0.3
"7",1,7,1,0.1,0.6,FALSE,NA,0.1
"8",1,8,1,0.8,0.6,TRUE,NA,0.9
"9",1,9,1,0.7,0.8,TRUE,NA,0.7
"10",1,10,1,0.4,0.9,FALSE,NA,0.4
"11",1,11,1,0.9,0.6,TRUE,NA,0.9
"12",1,12,1,0.5,0.8,TRUE,NA,0.5
"13",2,1,1,0.1,0.7,FALSE,NA,0.1
"14",2,2,1,0.5,0.9,TRUE,NA,0.5
"15",2,3,1,0.1,0.7,FALSE,NA,0
"16",2,4,1,0.9,0.7,FALSE,NA,1
"17",2,5,1,0.4,0.8,TRUE,NA,0.5
"18",2,6,1,0.2,0.8,TRUE,NA,0.1
"19",2,7,1,0.1,0.6,FALSE,NA,0
"20",2,8,1,0.8,0.6,TRUE,NA,0.8
"21",2,9,1,0.7,0.8,TRUE,NA,0.8
"22",2,10,1,0.4,0.9,TRUE,NA,0.5
"23",2,11,1,0.9,0.6,TRUE,NA,0.9
"24",2,12,1,0.5,0.8,FALSE,NA,0.3
"25",3,1,1,0.1,0.7,FALSE,NA,0.1
"26",3,2,1,0.5,0.9,TRUE,NA,0.5
"27",3,3,1,0.1,0.7,FALSE,NA,0.1
"28",3,4,1,0.9,0.7,TRUE,NA,0.9
"29",3,5,1,0.4,0.8,FALSE,NA,0.4
"30",3,6,1,0.2,0.8,FALSE,NA,0.2
"31",3,7,1,0.1,0.6,FALSE,NA,0.1
"32",3,8,1,0.8,0.6,TRUE,NA,0.9
"33",3,9,1,0.7,0.8,TRUE,NA,0.7
"34",3,10,1,0.4,0.9,FALSE,NA,0.3
"35",3,11,1,0.9,0.6,TRUE,NA,0.9
"36",3,12,1,0.5,0.8,TRUE,NA,0.7
"37",4,1,1,0.1,0.7,FALSE,NA,0.3
"38",4,2,1,0.5,0.9,FALSE,NA,0.4
"39",4,3,1,0.1,0.7,FALSE,NA,0.5
"40",4,4,1,0.9,0.7,TRUE,NA,0.7
"41",4,5,1,0.4,0.8,TRUE,NA,0.4
"42",4,6,1,0.2,0.8,FALSE,NA,0.4
"43",4,7,1,0.1,0.6,FALSE,NA,0.4
"44",4,8,1,0.8,0.6,FALSE,NA,0.7
"45",4,9,1,0.7,0.8,TRUE,NA,0.6
"46",4,10,1,0.4,0.9,TRUE,NA,0.4
"47",4,11,1,0.9,0.6,TRUE,NA,0.6
"48",4,12,1,0.5,0.8,FALSE,NA,0.4
"49",5,1,1,0.1,0.7,FALSE,NA,0.2
"50",5,2,1,0.5,0.9,FALSE,NA,0.5
"51",5,3,1,0.1,0.7,FALSE,NA,0.1
"52",5,4,1,0.9,0.7,FALSE,NA,0.7
"53",5,5,1,0.4,0.8,FALSE,NA,0.6
"54",5,6,1,0.2,0.8,FALSE,NA,0.3
"55",5,7,1,0.1,0.6,FALSE,NA,0.3
"56",5,8,1,0.8,0.6,TRUE,NA,0.6
"57",5,9,1,0.7,0.8,TRUE,NA,0.7
"58",5,10,1,0.4,0.9,FALSE,NA,0.4
"59",5,11,1,0.9,0.6,TRUE,NA,0.8
"60",5,12,1,0.5,0.8,FALSE,NA,0.5
"61",6,1,1,0.1,0.7,FALSE,NA,0.1
"62",6,2,1,0.5,0.9,FALSE,NA,0.4
"63",6,3,1,0.1,0.7,FALSE,NA,0
"64",6,4,1,0.9,0.7,TRUE,NA,0.9
"65",6,5,1,0.4,0.8,TRUE,NA,0.4
"66",6,6,1,0.2,0.8,FALSE,NA,0.2
"67",6,7,1,0.1,0.6,FALSE,NA,0.1
"68",6,8,1,0.8,0.6,TRUE,NA,0.8
"69",6,9,1,0.7,0.8,TRUE,NA,0.8
"70",6,10,1,0.4,0.9,TRUE,NA,0.4
"71",6,11,1,0.9,0.6,TRUE,NA,1
"72",6,12,1,0.5,0.8,TRUE,NA,0.4
"73",7,1,1,0.1,0.7,FALSE,NA,0.2
"74",7,2,1,0.5,0.9,TRUE,NA,0.5
"75",7,3,1,0.1,0.7,FALSE,NA,0.2
"76",7,4,1,0.9,0.7,TRUE,NA,0.9
"77",7,5,1,0.4,0.8,TRUE,NA,0.4
"78",7,6,1,0.2,0.8,TRUE,NA,0.2
"79",7,7,1,0.1,0.6,FALSE,NA,0.1
"80",7,8,1,0.8,0.6,TRUE,NA,0.8
"81",7,9,1,0.7,0.8,FALSE,NA,0.7
"82",7,10,1,0.4,0.9,FALSE,NA,0.5
"83",7,11,1,0.9,0.6,TRUE,NA,0.9
"84",7,12,1,0.5,0.8,FALSE,NA,0.5
"85",8,1,1,0.1,0.7,TRUE,NA,0.2
"86",8,2,1,0.5,0.9,TRUE,NA,0.5
"87",8,3,1,0.1,0.7,FALSE,NA,0.2
"88",8,4,1,0.9,0.7,TRUE,NA,0.8
"89",8,5,1,0.4,0.8,FALSE,NA,0.5
"90",8,6,1,0.2,0.8,FALSE,NA,0.3
"91",8,7,1,0.1,0.6,FALSE,NA,0.3
"92",8,8,1,0.8,0.6,TRUE,NA,0.5
"93",8,9,1,0.7,0.8,TRUE,NA,0.7
"94",8,10,1,0.4,0.9,FALSE,NA,0.6
"95",8,11,1,0.9,0.6,TRUE,NA,0.8
"96",8,12,1,0.5,0.8,FALSE,NA,0.4
"97",9,1,1,0.1,0.7,FALSE,NA,0.1
"98",9,2,1,0.5,0.9,FALSE,NA,0.4
"99",9,3,1,0.1,0.7,FALSE,NA,0.1
"100",9,4,1,0.9,0.7,FALSE,NA,0.8
"101",9,5,1,0.4,0.8,TRUE,NA,0.3
"102",9,6,1,0.2,0.8,FALSE,NA,0.2
"103",9,7,1,0.1,0.6,TRUE,NA,0.1
"104",9,8,1,0.8,0.6,TRUE,NA,0.8
"105",9,9,1,0.7,0.8,FALSE,NA,0.6
"106",9,10,1,0.4,0.9,TRUE,NA,0.6
"107",9,11,1,0.9,0.6,TRUE,NA,0.9
"108",9,12,1,0.5,0.8,FALSE,NA,0.4
"109",10,1,1,0.1,0.7,FALSE,NA,0
"110",10,2,1,0.5,0.9,TRUE,NA,0.4
"111",10,3,1,0.1,0.7,TRUE,NA,0.1
"112",10,4,1,0.9,0.7,TRUE,NA,1
"113",10,5,1,0.4,0.8,FALSE,NA,0.3
"114",10,6,1,0.2,0.8,FALSE,NA,0.1
"115",10,7,1,0.1,0.6,FALSE,NA,0
"116",10,8,1,0.8,0.6,TRUE,NA,0.9
"117",10,9,1,0.7,0.8,TRUE,NA,0.8
"118",10,10,1,0.4,0.9,FALSE,NA,0.3
"119",10,11,1,0.9,0.6,TRUE,NA,1
"120",10,12,1,0.5,0.8,FALSE,NA,0.4
"121",11,1,1,0.1,0.7,FALSE,NA,0
"122",11,2,1,0.5,0.9,TRUE,NA,0.5
"123",11,3,1,0.1,0.7,FALSE,NA,0
"124",11,4,1,0.9,0.7,TRUE,NA,1
"125",11,5,1,0.4,0.8,FALSE,NA,0.3
"126",11,6,1,0.2,0.8,FALSE,NA,0.2
"127",11,7,1,0.1,0.6,FALSE,NA,0.1
"128",11,8,1,0.8,0.6,TRUE,NA,0.9
"129",11,9,1,0.7,0.8,FALSE,NA,0.9
"130",11,10,1,0.4,0.9,FALSE,NA,0.4
"131",11,11,1,0.9,0.6,TRUE,NA,1
"132",11,12,1,0.5,0.8,TRUE,NA,0.4
"133",12,1,1,0.1,0.7,TRUE,NA,0.1
"134",12,2,1,0.5,0.9,FALSE,NA,0.5
"135",12,3,1,0.1,0.7,FALSE,NA,0.1
"136",12,4,1,0.9,0.7,TRUE,NA,0.9
"137",12,5,1,0.4,0.8,FALSE,NA,0.4
"138",12,6,1,0.2,0.8,TRUE,NA,0.2
"139",12,7,1,0.1,0.6,FALSE,NA,0.1
"140",12,8,1,0.8,0.6,TRUE,NA,0.7
"141",12,9,1,0.7,0.8,TRUE,NA,0.6
"142",12,10,1,0.4,0.9,TRUE,NA,0.5
"143",12,11,1,0.9,0.6,TRUE,NA,0.9
"144",12,12,1,0.5,0.8,FALSE,NA,0.6
"145",13,1,1,0.1,0.7,FALSE,NA,0.2
"146",13,2,1,0.5,0.9,FALSE,NA,0.5
"147",13,3,1,0.1,0.7,FALSE,NA,0.1
"148",13,4,1,0.9,0.7,TRUE,NA,0.9
"149",13,5,1,0.4,0.8,TRUE,NA,0.5
"150",13,6,1,0.2,0.8,FALSE,NA,0.2
"151",13,7,1,0.1,0.6,FALSE,NA,0.1
"152",13,8,1,0.8,0.6,TRUE,NA,0.8
"153",13,9,1,0.7,0.8,TRUE,NA,0.8
"154",13,10,1,0.4,0.9,FALSE,NA,0.4
"155",13,11,1,0.9,0.6,FALSE,NA,0.8
"156",13,12,1,0.5,0.8,FALSE,NA,0.5
"157",14,1,1,0.1,0.7,FALSE,NA,0.2
"158",14,2,1,0.5,0.9,TRUE,NA,0.4
"159",14,3,1,0.1,0.7,FALSE,NA,0.2
"160",14,4,1,0.9,0.7,TRUE,NA,0.7
"161",14,5,1,0.4,0.8,FALSE,NA,0.5
"162",14,6,1,0.2,0.8,FALSE,NA,0.4
"163",14,7,1,0.1,0.6,FALSE,NA,0.2
"164",14,8,1,0.8,0.6,TRUE,NA,0.5
"165",14,9,1,0.7,0.8,TRUE,NA,0.3
"166",14,10,1,0.4,0.9,TRUE,NA,0.4
"167",14,11,1,0.9,0.6,FALSE,NA,0.8
"168",14,12,1,0.5,0.8,TRUE,NA,0.3
"169",15,1,1,0.1,0.7,FALSE,NA,0
"170",15,2,1,0.5,0.9,TRUE,NA,0.3
"171",15,3,1,0.1,0.7,TRUE,NA,0.1
"172",15,4,1,0.9,0.7,TRUE,NA,1
"173",15,5,1,0.4,0.8,FALSE,NA,0.4
"174",15,6,1,0.2,0.8,FALSE,NA,0.1
"175",15,7,1,0.1,0.6,FALSE,NA,0
"176",15,8,1,0.8,0.6,FALSE,NA,0.9
"177",15,9,1,0.7,0.8,TRUE,NA,0.8
"178",15,10,1,0.4,0.9,FALSE,NA,0.4
"179",15,11,1,0.9,0.6,TRUE,NA,0.9
"180",15,12,1,0.5,0.8,FALSE,NA,0.7
"181",16,1,1,0.1,0.7,FALSE,NA,0.1
"182",16,2,1,0.5,0.9,TRUE,NA,0.5
"183",16,3,1,0.1,0.7,FALSE,NA,0.2
"184",16,4,1,0.9,0.7,TRUE,NA,0.8
"185",16,5,1,0.4,0.8,FALSE,NA,0.4
"186",16,6,1,0.2,0.8,FALSE,NA,0.3
"187",16,7,1,0.1,0.6,FALSE,NA,0.1
"188",16,8,1,0.8,0.6,TRUE,NA,0.8
"189",16,9,1,0.7,0.8,TRUE,NA,0.8
"190",16,10,1,0.4,0.9,FALSE,NA,0.5
"191",16,11,1,0.9,0.6,TRUE,NA,0.8
"192",16,12,1,0.5,0.8,FALSE,NA,0.5
"193",17,1,1,0.1,0.7,FALSE,NA,0
"194",17,2,1,0.5,0.9,TRUE,NA,0.3
"195",17,3,1,0.1,0.7,FALSE,NA,0
"196",17,4,1,0.9,0.7,TRUE,NA,1
"197",17,5,1,0.4,0.8,TRUE,NA,0.4
"198",17,6,1,0.2,0.8,FALSE,NA,0.2
"199",17,7,1,0.1,0.6,FALSE,NA,0
"200",17,8,1,0.8,0.6,TRUE,NA,0.8
"201",17,9,1,0.7,0.8,TRUE,NA,0.9
"202",17,10,1,0.4,0.9,FALSE,NA,0.6
"203",17,11,1,0.9,0.6,TRUE,NA,0.8
"204",17,12,1,0.5,0.8,TRUE,NA,0.5
"205",18,1,1,0.1,0.7,FALSE,NA,0.1
"206",18,2,1,0.5,0.9,FALSE,NA,0.5
"207",18,3,1,0.1,0.7,FALSE,NA,0.1
"208",18,4,1,0.9,0.7,TRUE,NA,0.9
"209",18,5,1,0.4,0.8,FALSE,NA,0.4
"210",18,6,1,0.2,0.8,FALSE,NA,0.2
"211",18,7,1,0.1,0.6,FALSE,NA,0.1
"212",18,8,1,0.8,0.6,TRUE,NA,0.9
"213",18,9,1,0.7,0.8,TRUE,NA,0.7
"214",18,10,1,0.4,0.9,FALSE,NA,0.4
"215",18,11,1,0.9,0.6,TRUE,NA,1
"216",18,12,1,0.5,0.8,TRUE,NA,0.4
"217",19,1,1,0.1,0.7,FALSE,NA,0
"218",19,2,1,0.5,0.9,TRUE,NA,0.4
"219",19,3,1,0.1,0.7,FALSE,NA,0
"220",19,4,1,0.9,0.7,TRUE,NA,1
"221",19,5,1,0.4,0.8,TRUE,NA,0.3
"222",19,6,1,0.2,0.8,TRUE,NA,0.2
"223",19,7,1,0.1,0.6,FALSE,NA,0
"224",19,8,1,0.8,0.6,TRUE,NA,0.8
"225",19,9,1,0.7,0.8,FALSE,NA,0.9
"226",19,10,1,0.4,0.9,FALSE,NA,0.4
"227",19,11,1,0.9,0.6,TRUE,NA,1
"228",19,12,1,0.5,0.8,TRUE,NA,0.5
"229",20,1,1,0.1,0.7,FALSE,NA,0.2
"230",20,2,1,0.5,0.9,TRUE,NA,0.7
"231",20,3,1,0.1,0.7,FALSE,NA,0.2
"232",20,4,1,0.9,0.7,TRUE,NA,0.9
"233",20,5,1,0.4,0.8,TRUE,NA,0.6
"234",20,6,1,0.2,0.8,TRUE,NA,0.1
"235",20,7,1,0.1,0.6,FALSE,NA,0.1
"236",20,8,1,0.8,0.6,FALSE,NA,0.9
"237",20,9,1,0.7,0.8,TRUE,NA,0.4
"238",20,10,1,0.4,0.9,FALSE,NA,0.4
"239",20,11,1,0.9,0.6,TRUE,NA,0.9
"240",20,12,1,0.5,0.8,TRUE,NA,0.4
"241",21,1,1,0.1,0.7,FALSE,NA,0.1
"242",21,2,1,0.5,0.9,TRUE,NA,0.5
"243",21,3,1,0.1,0.7,FALSE,NA,0.1
"244",21,4,1,0.9,0.7,TRUE,NA,0.9
"245",21,5,1,0.4,0.8,TRUE,NA,0.5
"246",21,6,1,0.2,0.8,FALSE,NA,0.1
"247",21,7,1,0.1,0.6,FALSE,NA,0.1
"248",21,8,1,0.8,0.6,TRUE,NA,0.8
"249",21,9,1,0.7,0.8,TRUE,NA,0.8
"250",21,10,1,0.4,0.9,TRUE,NA,0.4
"251",21,11,1,0.9,0.6,TRUE,NA,0.9
"252",21,12,1,0.5,0.8,FALSE,NA,0.3
"253",22,1,1,0.1,0.7,FALSE,NA,0.3
"254",22,2,1,0.5,0.9,FALSE,NA,0.4
"255",22,3,1,0.1,0.7,FALSE,NA,0.2
"256",22,4,1,0.9,0.7,TRUE,NA,0.7
"257",22,5,1,0.4,0.8,FALSE,NA,0.5
"258",22,6,1,0.2,0.8,FALSE,NA,0.2
"259",22,7,1,0.1,0.6,TRUE,NA,0.1
"260",22,8,1,0.8,0.6,FALSE,NA,0.5
"261",22,9,1,0.7,0.8,TRUE,NA,0.6
"262",22,10,1,0.4,0.9,TRUE,NA,0.5
"263",22,11,1,0.9,0.6,TRUE,NA,0.9
"264",22,12,1,0.5,0.8,TRUE,NA,0.5
"265",23,1,1,0.1,0.7,FALSE,NA,0.2
"266",23,2,1,0.5,0.9,FALSE,NA,0.6
"267",23,3,1,0.1,0.7,FALSE,NA,0.1
"268",23,4,1,0.9,0.7,TRUE,NA,0.9
"269",23,5,1,0.4,0.8,TRUE,NA,0.3
"270",23,6,1,0.2,0.8,FALSE,NA,0.2
"271",23,7,1,0.1,0.6,FALSE,NA,0.1
"272",23,8,1,0.8,0.6,TRUE,NA,0.7
"273",23,9,1,0.7,0.8,FALSE,NA,0.6
"274",23,10,1,0.4,0.9,FALSE,NA,0.2
"275",23,11,1,0.9,0.6,TRUE,NA,0.9
"276",23,12,1,0.5,0.8,TRUE,NA,0.4
"277",24,1,1,0.1,0.7,FALSE,NA,0.1
"278",24,2,1,0.5,0.9,FALSE,NA,0.5
"279",24,3,1,0.1,0.7,FALSE,NA,0.2
"280",24,4,1,0.9,0.7,TRUE,NA,0.9
"281",24,5,1,0.4,0.8,TRUE,NA,0.4
"282",24,6,1,0.2,0.8,FALSE,NA,0.3
"283",24,7,1,0.1,0.6,FALSE,NA,0.1
"284",24,8,1,0.8,0.6,TRUE,NA,0.8
"285",24,9,1,0.7,0.8,TRUE,NA,0.5
"286",24,10,1,0.4,0.9,TRUE,NA,0.6
"287",24,11,1,0.9,0.6,TRUE,NA,0.8
"288",24,12,1,0.5,0.8,TRUE,NA,0.6
"289",25,1,1,0.1,0.7,FALSE,NA,0.4
"290",25,2,1,0.5,0.9,TRUE,NA,0.7
"291",25,3,1,0.1,0.7,FALSE,NA,0.3
"292",25,4,1,0.9,0.7,TRUE,NA,0.8
"293",25,5,1,0.4,0.8,FALSE,NA,0.3
"294",25,6,1,0.2,0.8,FALSE,NA,0.3
"295",25,7,1,0.1,0.6,TRUE,NA,0.3
"296",25,8,1,0.8,0.6,TRUE,NA,0.5
"297",25,9,1,0.7,0.8,TRUE,NA,0.5
"298",25,10,1,0.4,0.9,TRUE,NA,0.5
"299",25,11,1,0.9,0.6,TRUE,NA,0.8
"300",25,12,1,0.5,0.8,TRUE,NA,0.5
"301",26,1,1,0.1,0.7,FALSE,NA,0.1
"302",26,2,1,0.5,0.9,FALSE,NA,0.7
"303",26,3,1,0.1,0.7,FALSE,NA,0.1
"304",26,4,1,0.9,0.7,TRUE,NA,0.9
"305",26,5,1,0.4,0.8,FALSE,NA,0.4
"306",26,6,1,0.2,0.8,TRUE,NA,0.2
"307",26,7,1,0.1,0.6,FALSE,NA,0.1
"308",26,8,1,0.8,0.6,TRUE,NA,0.9
"309",26,9,1,0.7,0.8,TRUE,NA,0.7
"310",26,10,1,0.4,0.9,TRUE,NA,0.4
"311",26,11,1,0.9,0.6,TRUE,NA,0.9
"312",26,12,1,0.5,0.8,FALSE,NA,0.5
"313",27,1,1,0.1,0.7,FALSE,NA,0.1
"314",27,2,1,0.5,0.9,FALSE,NA,0.6
"315",27,3,1,0.1,0.7,FALSE,NA,0.1
"316",27,4,1,0.9,0.7,TRUE,NA,0.9
"317",27,5,1,0.4,0.8,TRUE,NA,0.4
"318",27,6,1,0.2,0.8,FALSE,NA,0.2
"319",27,7,1,0.1,0.6,FALSE,NA,0.1
"320",27,8,1,0.8,0.6,FALSE,NA,1
"321",27,9,1,0.7,0.8,TRUE,NA,0.8
"322",27,10,1,0.4,0.9,FALSE,NA,0.3
"323",27,11,1,0.9,0.6,TRUE,NA,0.9
"324",27,12,1,0.5,0.8,FALSE,NA,0.6
"325",28,1,1,0.1,0.7,FALSE,NA,0.1
"326",28,2,1,0.5,0.9,FALSE,NA,0.5
"327",28,3,1,0.1,0.7,FALSE,NA,0.2
"328",28,4,1,0.9,0.7,TRUE,NA,0.9
"329",28,5,1,0.4,0.8,FALSE,NA,0.2
"330",28,6,1,0.2,0.8,FALSE,NA,0.2
"331",28,7,1,0.1,0.6,TRUE,NA,0.1
"332",28,8,1,0.8,0.6,TRUE,NA,0.8
"333",28,9,1,0.7,0.8,TRUE,NA,0.4
"334",28,10,1,0.4,0.9,TRUE,NA,0.5
"335",28,11,1,0.9,0.6,TRUE,NA,0.9
"336",28,12,1,0.5,0.8,TRUE,NA,0.6
"337",29,1,1,0.1,0.7,FALSE,NA,0.1
"338",29,2,1,0.5,0.9,TRUE,NA,0.4
"339",29,3,1,0.1,0.7,FALSE,NA,0
"340",29,4,1,0.9,0.7,TRUE,NA,0.9
"341",29,5,1,0.4,0.8,FALSE,NA,0.5
"342",29,6,1,0.2,0.8,FALSE,NA,0.1
"343",29,7,1,0.1,0.6,FALSE,NA,0
"344",29,8,1,0.8,0.6,TRUE,NA,0.9
"345",29,9,1,0.7,0.8,TRUE,NA,0.8
"346",29,10,1,0.4,0.9,TRUE,NA,0.4
"347",29,11,1,0.9,0.6,TRUE,NA,0.9
"348",29,12,1,0.5,0.8,FALSE,NA,0.6
"349",30,1,1,0.1,0.7,FALSE,NA,0.1
"350",30,2,1,0.5,0.9,TRUE,NA,0.3
"351",30,3,1,0.1,0.7,FALSE,NA,0.3
"352",30,4,1,0.9,0.7,TRUE,NA,0.9
"353",30,5,1,0.4,0.8,FALSE,NA,0.5
"354",30,6,1,0.2,0.8,FALSE,NA,0.3
"355",30,7,1,0.1,0.6,FALSE,NA,0.1
"356",30,8,1,0.8,0.6,TRUE,NA,0.8
"357",30,9,1,0.7,0.8,TRUE,NA,0.7
"358",30,10,1,0.4,0.9,FALSE,NA,0.6
"359",30,11,1,0.9,0.6,TRUE,NA,0.9
"360",30,12,1,0.5,0.8,TRUE,NA,0.3
"361",1,1,2,0.1,0.7,FALSE,TRUE,0.2
"362",1,2,2,0.5,0.9,FALSE,TRUE,0.9
"363",1,3,2,0.1,0.7,FALSE,FALSE,0
"364",1,4,2,0.9,0.7,TRUE,FALSE,0.9
"365",1,5,2,0.4,0.8,FALSE,FALSE,0.2
"366",1,6,2,0.2,0.8,TRUE,FALSE,0.1
"367",1,7,2,0.1,0.6,FALSE,TRUE,0.1
"368",1,8,2,0.8,0.6,TRUE,FALSE,0.7
"369",1,9,2,0.7,0.8,TRUE,FALSE,0.4
"370",1,10,2,0.4,0.9,FALSE,TRUE,0.8
"371",1,11,2,0.9,0.6,TRUE,FALSE,0.9
"372",1,12,2,0.5,0.8,TRUE,FALSE,0.2
"373",2,1,2,0.1,0.7,FALSE,TRUE,0.1
"374",2,2,2,0.5,0.9,TRUE,FALSE,0.1
"375",2,3,2,0.1,0.7,FALSE,FALSE,0
"376",2,4,2,0.9,0.7,FALSE,TRUE,1
"377",2,5,2,0.4,0.8,TRUE,TRUE,0.8
"378",2,6,2,0.2,0.8,TRUE,FALSE,0
"379",2,7,2,0.1,0.6,FALSE,FALSE,0
"380",2,8,2,0.8,0.6,TRUE,FALSE,0.9
"381",2,9,2,0.7,0.8,TRUE,TRUE,1
"382",2,10,2,0.4,0.9,TRUE,FALSE,0
"383",2,11,2,0.9,0.6,TRUE,FALSE,0.9
"384",2,12,2,0.5,0.8,FALSE,TRUE,0.8
"385",3,1,2,0.1,0.7,FALSE,FALSE,0.1
"386",3,2,2,0.5,0.9,TRUE,FALSE,0.1
"387",3,3,2,0.1,0.7,FALSE,TRUE,0.1
"388",3,4,2,0.9,0.7,TRUE,FALSE,0.9
"389",3,5,2,0.4,0.8,FALSE,TRUE,0.7
"390",3,6,2,0.2,0.8,FALSE,FALSE,0
"391",3,7,2,0.1,0.6,FALSE,FALSE,0.1
"392",3,8,2,0.8,0.6,TRUE,TRUE,1
"393",3,9,2,0.7,0.8,TRUE,FALSE,0.6
"394",3,10,2,0.4,0.9,FALSE,TRUE,0.6
"395",3,11,2,0.9,0.6,TRUE,FALSE,0.9
"396",3,12,2,0.5,0.8,TRUE,FALSE,0.5
"397",4,1,2,0.1,0.7,FALSE,TRUE,0.7
"398",4,2,2,0.5,0.9,FALSE,TRUE,1
"399",4,3,2,0.1,0.7,FALSE,FALSE,0.2
"400",4,4,2,0.9,0.7,TRUE,FALSE,0.4
"401",4,5,2,0.4,0.8,TRUE,FALSE,0.1
"402",4,6,2,0.2,0.8,FALSE,TRUE,0.9
"403",4,7,2,0.1,0.6,FALSE,FALSE,0.5
"404",4,8,2,0.8,0.6,FALSE,TRUE,0.6
"405",4,9,2,0.7,0.8,TRUE,FALSE,0.2
"406",4,10,2,0.4,0.9,TRUE,FALSE,0.1
"407",4,11,2,0.9,0.6,TRUE,FALSE,0.5
"408",4,12,2,0.5,0.8,FALSE,TRUE,0.8
"409",5,1,2,0.1,0.7,FALSE,TRUE,0.5
"410",5,2,2,0.5,0.9,FALSE,FALSE,0.2
"411",5,3,2,0.1,0.7,FALSE,TRUE,0.6
"412",5,4,2,0.9,0.7,FALSE,TRUE,0.7
"413",5,5,2,0.4,0.8,FALSE,TRUE,0.8
"414",5,6,2,0.2,0.8,FALSE,FALSE,0.2
"415",5,7,2,0.1,0.6,FALSE,TRUE,0.5
"416",5,8,2,0.8,0.6,TRUE,FALSE,0.4
"417",5,9,2,0.7,0.8,TRUE,FALSE,0.3
"418",5,10,2,0.4,0.9,FALSE,TRUE,0.8
"419",5,11,2,0.9,0.6,TRUE,FALSE,0.5
"420",5,12,2,0.5,0.8,FALSE,TRUE,0.8
"421",6,1,2,0.1,0.7,FALSE,FALSE,0
"422",6,2,2,0.5,0.9,FALSE,TRUE,0.9
"423",6,3,2,0.1,0.7,FALSE,FALSE,0
"424",6,4,2,0.9,0.7,TRUE,FALSE,1
"425",6,5,2,0.4,0.8,TRUE,FALSE,0.1
"426",6,6,2,0.2,0.8,FALSE,TRUE,0.3
"427",6,7,2,0.1,0.6,FALSE,FALSE,0
"428",6,8,2,0.8,0.6,TRUE,FALSE,0.9
"429",6,9,2,0.7,0.8,TRUE,FALSE,0.5
"430",6,10,2,0.4,0.9,TRUE,FALSE,0.1
"431",6,11,2,0.9,0.6,TRUE,FALSE,1
"432",6,12,2,0.5,0.8,TRUE,TRUE,0.8
"433",7,1,2,0.1,0.7,FALSE,TRUE,0.1
"434",7,2,2,0.5,0.9,TRUE,FALSE,0.1
"435",7,3,2,0.1,0.7,FALSE,TRUE,0.1
"436",7,4,2,0.9,0.7,TRUE,TRUE,1
"437",7,5,2,0.4,0.8,TRUE,FALSE,0.2
"438",7,6,2,0.2,0.8,TRUE,TRUE,0.5
"439",7,7,2,0.1,0.6,FALSE,FALSE,0.1
"440",7,8,2,0.8,0.6,TRUE,FALSE,0.7
"441",7,9,2,0.7,0.8,FALSE,TRUE,0.9
"442",7,10,2,0.4,0.9,FALSE,TRUE,0.8
"443",7,11,2,0.9,0.6,TRUE,FALSE,0.9
"444",7,12,2,0.5,0.8,FALSE,TRUE,0.9
"445",8,1,2,0.1,0.7,TRUE,TRUE,0.5
"446",8,2,2,0.5,0.9,TRUE,FALSE,0.1
"447",8,3,2,0.1,0.7,FALSE,TRUE,0.4
"448",8,4,2,0.9,0.7,TRUE,FALSE,0.4
"449",8,5,2,0.4,0.8,FALSE,TRUE,0.8
"450",8,6,2,0.2,0.8,FALSE,TRUE,0.6
"451",8,7,2,0.1,0.6,FALSE,FALSE,0.2
"452",8,8,2,0.8,0.6,TRUE,FALSE,0.5
"453",8,9,2,0.7,0.8,TRUE,FALSE,0.2
"454",8,10,2,0.4,0.9,FALSE,TRUE,0.8
"455",8,11,2,0.9,0.6,TRUE,TRUE,0.9
"456",8,12,2,0.5,0.8,FALSE,TRUE,0.6
"457",9,1,2,0.1,0.7,FALSE,TRUE,0.3
"458",9,2,2,0.5,0.9,FALSE,TRUE,1
"459",9,3,2,0.1,0.7,FALSE,TRUE,0.2
"460",9,4,2,0.9,0.7,FALSE,TRUE,1
"461",9,5,2,0.4,0.8,TRUE,FALSE,0
"462",9,6,2,0.2,0.8,FALSE,TRUE,0.6
"463",9,7,2,0.1,0.6,TRUE,TRUE,0.1
"464",9,8,2,0.8,0.6,TRUE,FALSE,0.7
"465",9,9,2,0.7,0.8,FALSE,TRUE,1
"466",9,10,2,0.4,0.9,TRUE,FALSE,0.1
"467",9,11,2,0.9,0.6,TRUE,FALSE,0.9
"468",9,12,2,0.5,0.8,FALSE,TRUE,0.9
"469",10,1,2,0.1,0.7,FALSE,FALSE,0
"470",10,2,2,0.5,0.9,TRUE,FALSE,0.1
"471",10,3,2,0.1,0.7,TRUE,FALSE,0
"472",10,4,2,0.9,0.7,TRUE,FALSE,1
"473",10,5,2,0.4,0.8,FALSE,TRUE,0.7
"474",10,6,2,0.2,0.8,FALSE,TRUE,0.2
"475",10,7,2,0.1,0.6,FALSE,TRUE,0
"476",10,8,2,0.8,0.6,TRUE,FALSE,0.9
"477",10,9,2,0.7,0.8,TRUE,FALSE,0.6
"478",10,10,2,0.4,0.9,FALSE,TRUE,0.8
"479",10,11,2,0.9,0.6,TRUE,FALSE,1
"480",10,12,2,0.5,0.8,FALSE,TRUE,0.8
"481",11,1,2,0.1,0.7,FALSE,TRUE,0
"482",11,2,2,0.5,0.9,TRUE,FALSE,0.2
"483",11,3,2,0.1,0.7,FALSE,TRUE,0
"484",11,4,2,0.9,0.7,TRUE,FALSE,1
"485",11,5,2,0.4,0.8,FALSE,TRUE,0.5
"486",11,6,2,0.2,0.8,FALSE,TRUE,0.1
"487",11,7,2,0.1,0.6,FALSE,FALSE,0
"488",11,8,2,0.8,0.6,TRUE,FALSE,0.9
"489",11,9,2,0.7,0.8,FALSE,TRUE,1
"490",11,10,2,0.4,0.9,FALSE,TRUE,0.6
"491",11,11,2,0.9,0.6,TRUE,FALSE,1
"492",11,12,2,0.5,0.8,TRUE,FALSE,0.2
"493",12,1,2,0.1,0.7,TRUE,FALSE,0.1
"494",12,2,2,0.5,0.9,FALSE,TRUE,1
"495",12,3,2,0.1,0.7,FALSE,TRUE,0.2
"496",12,4,2,0.9,0.7,TRUE,FALSE,0.9
"497",12,5,2,0.4,0.8,FALSE,FALSE,0.2
"498",12,6,2,0.2,0.8,TRUE,FALSE,0.1
"499",12,7,2,0.1,0.6,FALSE,FALSE,0
"500",12,8,2,0.8,0.6,TRUE,TRUE,0.9
"501",12,9,2,0.7,0.8,TRUE,FALSE,0.3
"502",12,10,2,0.4,0.9,TRUE,FALSE,0.1
"503",12,11,2,0.9,0.6,TRUE,TRUE,0.9
"504",12,12,2,0.5,0.8,FALSE,FALSE,0.4
"505",13,1,2,0.1,0.7,FALSE,FALSE,0.1
"506",13,2,2,0.5,0.9,FALSE,TRUE,0.9
"507",13,3,2,0.1,0.7,FALSE,TRUE,0.4
"508",13,4,2,0.9,0.7,TRUE,FALSE,0.9
"509",13,5,2,0.4,0.8,TRUE,FALSE,0.1
"510",13,6,2,0.2,0.8,FALSE,TRUE,0.6
"511",13,7,2,0.1,0.6,FALSE,FALSE,0
"512",13,8,2,0.8,0.6,TRUE,FALSE,0.8
"513",13,9,2,0.7,0.8,TRUE,FALSE,0.5
"514",13,10,2,0.4,0.9,FALSE,TRUE,0.8
"515",13,11,2,0.9,0.6,FALSE,FALSE,0.7
"516",13,12,2,0.5,0.8,FALSE,TRUE,0.8
"517",14,1,2,0.1,0.7,FALSE,TRUE,0.8
"518",14,2,2,0.5,0.9,TRUE,FALSE,0.2
"519",14,3,2,0.1,0.7,FALSE,TRUE,0.7
"520",14,4,2,0.9,0.7,TRUE,FALSE,0.3
"521",14,5,2,0.4,0.8,FALSE,FALSE,0.2
"522",14,6,2,0.2,0.8,FALSE,TRUE,0.5
"523",14,7,2,0.1,0.6,FALSE,TRUE,0.2
"524",14,8,2,0.8,0.6,TRUE,FALSE,0.4
"525",14,9,2,0.7,0.8,TRUE,FALSE,0.5
"526",14,10,2,0.4,0.9,TRUE,FALSE,0.1
"527",14,11,2,0.9,0.6,FALSE,TRUE,0.9
"528",14,12,2,0.5,0.8,TRUE,FALSE,0.3
"529",15,1,2,0.1,0.7,FALSE,TRUE,0
"530",15,2,2,0.5,0.9,TRUE,FALSE,0.4
"531",15,3,2,0.1,0.7,TRUE,FALSE,0
"532",15,4,2,0.9,0.7,TRUE,TRUE,1
"533",15,5,2,0.4,0.8,FALSE,TRUE,0.3
"534",15,6,2,0.2,0.8,FALSE,TRUE,0.1
"535",15,7,2,0.1,0.6,FALSE,TRUE,0
"536",15,8,2,0.8,0.6,FALSE,TRUE,0.9
"537",15,9,2,0.7,0.8,TRUE,FALSE,0.7
"538",15,10,2,0.4,0.9,FALSE,TRUE,0.5
"539",15,11,2,0.9,0.6,TRUE,FALSE,0.9
"540",15,12,2,0.5,0.8,FALSE,TRUE,0.7
"541",16,1,2,0.1,0.7,FALSE,TRUE,0.1
"542",16,2,2,0.5,0.9,TRUE,FALSE,0.1
"543",16,3,2,0.1,0.7,FALSE,TRUE,0.5
"544",16,4,2,0.9,0.7,TRUE,TRUE,0.9
"545",16,5,2,0.4,0.8,FALSE,TRUE,0.5
"546",16,6,2,0.2,0.8,FALSE,TRUE,0.5
"547",16,7,2,0.1,0.6,FALSE,FALSE,0.1
"548",16,8,2,0.8,0.6,TRUE,TRUE,0.8
"549",16,9,2,0.7,0.8,TRUE,FALSE,0.3
"550",16,10,2,0.4,0.9,FALSE,TRUE,0.7
"551",16,11,2,0.9,0.6,TRUE,TRUE,0.9
"552",16,12,2,0.5,0.8,FALSE,TRUE,0.9
"553",17,1,2,0.1,0.7,FALSE,TRUE,0.1
"554",17,2,2,0.5,0.9,TRUE,FALSE,0.1
"555",17,3,2,0.1,0.7,FALSE,FALSE,0
"556",17,4,2,0.9,0.7,TRUE,FALSE,1
"557",17,5,2,0.4,0.8,TRUE,FALSE,0.2
"558",17,6,2,0.2,0.8,FALSE,TRUE,0.4
"559",17,7,2,0.1,0.6,FALSE,FALSE,0
"560",17,8,2,0.8,0.6,TRUE,TRUE,1
"561",17,9,2,0.7,0.8,TRUE,TRUE,1
"562",17,10,2,0.4,0.9,FALSE,TRUE,0.9
"563",17,11,2,0.9,0.6,TRUE,FALSE,0.9
"564",17,12,2,0.5,0.8,TRUE,TRUE,0.9
"565",18,1,2,0.1,0.7,FALSE,TRUE,0.1
"566",18,2,2,0.5,0.9,FALSE,TRUE,0.9
"567",18,3,2,0.1,0.7,FALSE,TRUE,0.1
"568",18,4,2,0.9,0.7,TRUE,TRUE,1
"569",18,5,2,0.4,0.8,FALSE,FALSE,0.1
"570",18,6,2,0.2,0.8,FALSE,TRUE,0.3
"571",18,7,2,0.1,0.6,FALSE,TRUE,0.1
"572",18,8,2,0.8,0.6,TRUE,FALSE,0.9
"573",18,9,2,0.7,0.8,TRUE,FALSE,0.3
"574",18,10,2,0.4,0.9,FALSE,TRUE,0.8
"575",18,11,2,0.9,0.6,TRUE,TRUE,1
"576",18,12,2,0.5,0.8,TRUE,FALSE,0.1
"577",19,1,2,0.1,0.7,FALSE,FALSE,0
"578",19,2,2,0.5,0.9,TRUE,FALSE,0.1
"579",19,3,2,0.1,0.7,FALSE,FALSE,0
"580",19,4,2,0.9,0.7,TRUE,TRUE,1
"581",19,5,2,0.4,0.8,TRUE,FALSE,0.1
"582",19,6,2,0.2,0.8,TRUE,FALSE,0
"583",19,7,2,0.1,0.6,FALSE,FALSE,0
"584",19,8,2,0.8,0.6,TRUE,TRUE,0.9
"585",19,9,2,0.7,0.8,FALSE,TRUE,1
"586",19,10,2,0.4,0.9,FALSE,TRUE,0.6
"587",19,11,2,0.9,0.6,TRUE,FALSE,1
"588",19,12,2,0.5,0.8,TRUE,FALSE,0.1
"589",20,1,2,0.1,0.7,FALSE,TRUE,0.4
"590",20,2,2,0.5,0.9,TRUE,FALSE,0.1
"591",20,3,2,0.1,0.7,FALSE,TRUE,0.4
"592",20,4,2,0.9,0.7,TRUE,FALSE,0.8
"593",20,5,2,0.4,0.8,TRUE,FALSE,0.2
"594",20,6,2,0.2,0.8,TRUE,FALSE,0
"595",20,7,2,0.1,0.6,FALSE,TRUE,0.1
"596",20,8,2,0.8,0.6,FALSE,FALSE,0.9
"597",20,9,2,0.7,0.8,TRUE,TRUE,0.8
"598",20,10,2,0.4,0.9,FALSE,TRUE,0.9
"599",20,11,2,0.9,0.6,TRUE,FALSE,0.8
"600",20,12,2,0.5,0.8,TRUE,FALSE,0.1
"601",21,1,2,0.1,0.7,FALSE,TRUE,0.1
"602",21,2,2,0.5,0.9,TRUE,FALSE,0.2
"603",21,3,2,0.1,0.7,FALSE,FALSE,0
"604",21,4,2,0.9,0.7,TRUE,TRUE,1
"605",21,5,2,0.4,0.8,TRUE,FALSE,0.2
"606",21,6,2,0.2,0.8,FALSE,FALSE,0
"607",21,7,2,0.1,0.6,FALSE,FALSE,0
"608",21,8,2,0.8,0.6,TRUE,FALSE,0.9
"609",21,9,2,0.7,0.8,TRUE,FALSE,0.6
"610",21,10,2,0.4,0.9,TRUE,FALSE,0.1
"611",21,11,2,0.9,0.6,TRUE,FALSE,0.9
"612",21,12,2,0.5,0.8,FALSE,TRUE,0.6
"613",22,1,2,0.1,0.7,FALSE,TRUE,0.6
"614",22,2,2,0.5,0.9,FALSE,TRUE,1
"615",22,3,2,0.1,0.7,FALSE,TRUE,0.5
"616",22,4,2,0.9,0.7,TRUE,FALSE,0.5
"617",22,5,2,0.4,0.8,FALSE,TRUE,0.7
"618",22,6,2,0.2,0.8,FALSE,TRUE,0.8
"619",22,7,2,0.1,0.6,TRUE,FALSE,0.1
"620",22,8,2,0.8,0.6,FALSE,TRUE,0.6
"621",22,9,2,0.7,0.8,TRUE,FALSE,0.2
"622",22,10,2,0.4,0.9,TRUE,FALSE,0
"623",22,11,2,0.9,0.6,TRUE,FALSE,0.6
"624",22,12,2,0.5,0.8,TRUE,FALSE,0.1
"625",23,1,2,0.1,0.7,FALSE,TRUE,0.4
"626",23,2,2,0.5,0.9,FALSE,TRUE,0.9
"627",23,3,2,0.1,0.7,FALSE,TRUE,0.3
"628",23,4,2,0.9,0.7,TRUE,TRUE,1
"629",23,5,2,0.4,0.8,TRUE,TRUE,0.8
"630",23,6,2,0.2,0.8,FALSE,TRUE,0.3
"631",23,7,2,0.1,0.6,FALSE,TRUE,0.2
"632",23,8,2,0.8,0.6,TRUE,TRUE,0.7
"633",23,9,2,0.7,0.8,FALSE,FALSE,0.3
"634",23,10,2,0.4,0.9,FALSE,TRUE,0.8
"635",23,11,2,0.9,0.6,TRUE,TRUE,0.9
"636",23,12,2,0.5,0.8,TRUE,FALSE,0.3
"637",24,1,2,0.1,0.7,FALSE,TRUE,0.4
"638",24,2,2,0.5,0.9,FALSE,TRUE,1
"639",24,3,2,0.1,0.7,FALSE,TRUE,0.4
"640",24,4,2,0.9,0.7,TRUE,FALSE,0.7
"641",24,5,2,0.4,0.8,TRUE,FALSE,0.1
"642",24,6,2,0.2,0.8,FALSE,TRUE,0.6
"643",24,7,2,0.1,0.6,FALSE,FALSE,0.1
"644",24,8,2,0.8,0.6,TRUE,FALSE,0.6
"645",24,9,2,0.7,0.8,TRUE,FALSE,0.1
"646",24,10,2,0.4,0.9,TRUE,FALSE,0.1
"647",24,11,2,0.9,0.6,TRUE,TRUE,0.9
"648",24,12,2,0.5,0.8,TRUE,FALSE,0.2
"649",25,1,2,0.1,0.7,FALSE,FALSE,0.2
"650",25,2,2,0.5,0.9,TRUE,FALSE,0.1
"651",25,3,2,0.1,0.7,FALSE,TRUE,0.5
"652",25,4,2,0.9,0.7,TRUE,TRUE,0.8
"653",25,5,2,0.4,0.8,FALSE,FALSE,0.1
"654",25,6,2,0.2,0.8,FALSE,TRUE,0.7
"655",25,7,2,0.1,0.6,TRUE,FALSE,0.3
"656",25,8,2,0.8,0.6,TRUE,FALSE,0.4
"657",25,9,2,0.7,0.8,TRUE,FALSE,0.1
"658",25,10,2,0.4,0.9,TRUE,FALSE,0.1
"659",25,11,2,0.9,0.6,TRUE,FALSE,0.6
"660",25,12,2,0.5,0.8,TRUE,TRUE,0.9
"661",26,1,2,0.1,0.7,FALSE,TRUE,0.5
"662",26,2,2,0.5,0.9,FALSE,TRUE,1
"663",26,3,2,0.1,0.7,FALSE,TRUE,0.2
"664",26,4,2,0.9,0.7,TRUE,FALSE,0.9
"665",26,5,2,0.4,0.8,FALSE,FALSE,0.1
"666",26,6,2,0.2,0.8,TRUE,TRUE,0.2
"667",26,7,2,0.1,0.6,FALSE,FALSE,0.1
"668",26,8,2,0.8,0.6,TRUE,TRUE,0.9
"669",26,9,2,0.7,0.8,TRUE,FALSE,0.3
"670",26,10,2,0.4,0.9,TRUE,FALSE,0.1
"671",26,11,2,0.9,0.6,TRUE,FALSE,0.9
"672",26,12,2,0.5,0.8,FALSE,TRUE,0.9
"673",27,1,2,0.1,0.7,FALSE,TRUE,0.1
"674",27,2,2,0.5,0.9,FALSE,TRUE,0.8
"675",27,3,2,0.1,0.7,FALSE,TRUE,0.1
"676",27,4,2,0.9,0.7,TRUE,FALSE,0.9
"677",27,5,2,0.4,0.8,TRUE,FALSE,0.2
"678",27,6,2,0.2,0.8,FALSE,FALSE,0.1
"679",27,7,2,0.1,0.6,FALSE,TRUE,0.1
"680",27,8,2,0.8,0.6,FALSE,FALSE,0.9
"681",27,9,2,0.7,0.8,TRUE,FALSE,0.7
"682",27,10,2,0.4,0.9,FALSE,TRUE,0.7
"683",27,11,2,0.9,0.6,TRUE,FALSE,0.9
"684",27,12,2,0.5,0.8,FALSE,FALSE,0.5
"685",28,1,2,0.1,0.7,FALSE,TRUE,0.1
"686",28,2,2,0.5,0.9,FALSE,TRUE,0.9
"687",28,3,2,0.1,0.7,FALSE,TRUE,0.4
"688",28,4,2,0.9,0.7,TRUE,FALSE,0.5
"689",28,5,2,0.4,0.8,FALSE,TRUE,0.5
"690",28,6,2,0.2,0.8,FALSE,FALSE,0
"691",28,7,2,0.1,0.6,TRUE,FALSE,0
"692",28,8,2,0.8,0.6,TRUE,TRUE,0.6
"693",28,9,2,0.7,0.8,TRUE,FALSE,0.2
"694",28,10,2,0.4,0.9,TRUE,FALSE,0.1
"695",28,11,2,0.9,0.6,TRUE,FALSE,0.9
"696",28,12,2,0.5,0.8,TRUE,FALSE,0.1
"697",29,1,2,0.1,0.7,FALSE,FALSE,0
"698",29,2,2,0.5,0.9,TRUE,FALSE,0.1
"699",29,3,2,0.1,0.7,FALSE,TRUE,0.1
"700",29,4,2,0.9,0.7,TRUE,FALSE,1
"701",29,5,2,0.4,0.8,FALSE,TRUE,0.8
"702",29,6,2,0.2,0.8,FALSE,TRUE,0.2
"703",29,7,2,0.1,0.6,FALSE,FALSE,0
"704",29,8,2,0.8,0.6,TRUE,FALSE,0.8
"705",29,9,2,0.7,0.8,TRUE,FALSE,0.4
"706",29,10,2,0.4,0.9,TRUE,FALSE,0
"707",29,11,2,0.9,0.6,TRUE,FALSE,0.9
"708",29,12,2,0.5,0.8,FALSE,TRUE,0.8
"709",30,1,2,0.1,0.7,FALSE,TRUE,0.2
"710",30,2,2,0.5,0.9,TRUE,FALSE,0.2
"711",30,3,2,0.1,0.7,FALSE,TRUE,0.6
"712",30,4,2,0.9,0.7,TRUE,FALSE,0.8
"713",30,5,2,0.4,0.8,FALSE,FALSE,0.2
"714",30,6,2,0.2,0.8,FALSE,FALSE,0.1
"715",30,7,2,0.1,0.6,FALSE,TRUE,0.2
"716",30,8,2,0.8,0.6,TRUE,FALSE,0.6
"717",30,9,2,0.7,0.8,TRUE,FALSE,0.4
"718",30,10,2,0.4,0.9,FALSE,TRUE,0.9
"719",30,11,2,0.9,0.6,TRUE,FALSE,0.8
"720",30,12,2,0.5,0.8,TRUE,FALSE,0.3
"721",1,1,3,0.1,0.7,FALSE,TRUE,0.3
"722",1,2,3,0.5,0.9,FALSE,TRUE,0.9
"723",1,3,3,0.1,0.7,FALSE,TRUE,0.1
"724",1,4,3,0.9,0.7,TRUE,TRUE,0.9
"725",1,5,3,0.4,0.8,FALSE,TRUE,0.5
"726",1,6,3,0.2,0.8,TRUE,FALSE,0
"727",1,7,3,0.1,0.6,FALSE,FALSE,0.1
"728",1,8,3,0.8,0.6,TRUE,FALSE,0.7
"729",1,9,3,0.7,0.8,TRUE,FALSE,0.3
"730",1,10,3,0.4,0.9,FALSE,TRUE,0.9
"731",1,11,3,0.9,0.6,TRUE,TRUE,0.9
"732",1,12,3,0.5,0.8,TRUE,FALSE,0.2
"733",2,1,3,0.1,0.7,FALSE,TRUE,0.2
"734",2,2,3,0.5,0.9,TRUE,TRUE,0.6
"735",2,3,3,0.1,0.7,FALSE,TRUE,0
"736",2,4,3,0.9,0.7,FALSE,TRUE,1
"737",2,5,3,0.4,0.8,TRUE,FALSE,0.4
"738",2,6,3,0.2,0.8,TRUE,FALSE,0
"739",2,7,3,0.1,0.6,FALSE,TRUE,0
"740",2,8,3,0.8,0.6,TRUE,FALSE,0.9
"741",2,9,3,0.7,0.8,TRUE,FALSE,0.9
"742",2,10,3,0.4,0.9,TRUE,FALSE,0
"743",2,11,3,0.9,0.6,TRUE,FALSE,0.9
"744",2,12,3,0.5,0.8,FALSE,TRUE,1
"745",3,1,3,0.1,0.7,FALSE,TRUE,0.2
"746",3,2,3,0.5,0.9,TRUE,FALSE,0
"747",3,3,3,0.1,0.7,FALSE,TRUE,0.3
"748",3,4,3,0.9,0.7,TRUE,FALSE,0.9
"749",3,5,3,0.4,0.8,FALSE,TRUE,0.9
"750",3,6,3,0.2,0.8,FALSE,TRUE,0.1
"751",3,7,3,0.1,0.6,FALSE,TRUE,0.1
"752",3,8,3,0.8,0.6,TRUE,FALSE,0.9
"753",3,9,3,0.7,0.8,TRUE,FALSE,0.3
"754",3,10,3,0.4,0.9,FALSE,TRUE,0.9
"755",3,11,3,0.9,0.6,TRUE,FALSE,0.7
"756",3,12,3,0.5,0.8,TRUE,FALSE,0.3
"757",4,1,3,0.1,0.7,FALSE,TRUE,0.7
"758",4,2,3,0.5,0.9,FALSE,TRUE,1
"759",4,3,3,0.1,0.7,FALSE,TRUE,0.7
"760",4,4,3,0.9,0.7,TRUE,FALSE,0.2
"761",4,5,3,0.4,0.8,TRUE,FALSE,0.1
"762",4,6,3,0.2,0.8,FALSE,TRUE,1
"763",4,7,3,0.1,0.6,FALSE,TRUE,0.7
"764",4,8,3,0.8,0.6,FALSE,TRUE,0.7
"765",4,9,3,0.7,0.8,TRUE,FALSE,0.1
"766",4,10,3,0.4,0.9,TRUE,FALSE,0
"767",4,11,3,0.9,0.6,TRUE,FALSE,0.5
"768",4,12,3,0.5,0.8,FALSE,FALSE,0.3
"769",5,1,3,0.1,0.7,FALSE,TRUE,0.7
"770",5,2,3,0.5,0.9,FALSE,TRUE,0.7
"771",5,3,3,0.1,0.7,FALSE,TRUE,0.9
"772",5,4,3,0.9,0.7,FALSE,TRUE,0.5
"773",5,5,3,0.4,0.8,FALSE,TRUE,0.8
"774",5,6,3,0.2,0.8,FALSE,TRUE,0.6
"775",5,7,3,0.1,0.6,FALSE,FALSE,0.4
"776",5,8,3,0.8,0.6,TRUE,FALSE,0.4
"777",5,9,3,0.7,0.8,TRUE,FALSE,0.2
"778",5,10,3,0.4,0.9,FALSE,TRUE,0.9
"779",5,11,3,0.9,0.6,TRUE,FALSE,0.6
"780",5,12,3,0.5,0.8,FALSE,TRUE,0.8
"781",6,1,3,0.1,0.7,FALSE,FALSE,0
"782",6,2,3,0.5,0.9,FALSE,TRUE,1
"783",6,3,3,0.1,0.7,FALSE,TRUE,0
"784",6,4,3,0.9,0.7,TRUE,FALSE,1
"785",6,5,3,0.4,0.8,TRUE,TRUE,0.1
"786",6,6,3,0.2,0.8,FALSE,TRUE,0.7
"787",6,7,3,0.1,0.6,FALSE,TRUE,0
"788",6,8,3,0.8,0.6,TRUE,FALSE,0.8
"789",6,9,3,0.7,0.8,TRUE,FALSE,0.2
"790",6,10,3,0.4,0.9,TRUE,FALSE,0
"791",6,11,3,0.9,0.6,TRUE,FALSE,1
"792",6,12,3,0.5,0.8,TRUE,FALSE,0.7
"793",7,1,3,0.1,0.7,FALSE,FALSE,0.1
"794",7,2,3,0.5,0.9,TRUE,TRUE,0.4
"795",7,3,3,0.1,0.7,FALSE,TRUE,0.4
"796",7,4,3,0.9,0.7,TRUE,FALSE,0.9
"797",7,5,3,0.4,0.8,TRUE,TRUE,0.5
"798",7,6,3,0.2,0.8,TRUE,FALSE,0.2
"799",7,7,3,0.1,0.6,FALSE,FALSE,0.1
"800",7,8,3,0.8,0.6,TRUE,TRUE,0.7
"801",7,9,3,0.7,0.8,FALSE,FALSE,0.8
"802",7,10,3,0.4,0.9,FALSE,TRUE,1
"803",7,11,3,0.9,0.6,TRUE,FALSE,0.8
"804",7,12,3,0.5,0.8,FALSE,TRUE,1
"805",8,1,3,0.1,0.7,TRUE,TRUE,0.5
"806",8,2,3,0.5,0.9,TRUE,FALSE,0.1
"807",8,3,3,0.1,0.7,FALSE,FALSE,0.4
"808",8,4,3,0.9,0.7,TRUE,FALSE,0.1
"809",8,5,3,0.4,0.8,FALSE,TRUE,0.9
"810",8,6,3,0.2,0.8,FALSE,TRUE,0.7
"811",8,7,3,0.1,0.6,FALSE,TRUE,0.4
"812",8,8,3,0.8,0.6,TRUE,FALSE,0.5
"813",8,9,3,0.7,0.8,TRUE,TRUE,0.5
"814",8,10,3,0.4,0.9,FALSE,FALSE,0.3
"815",8,11,3,0.9,0.6,TRUE,FALSE,0.7
"816",8,12,3,0.5,0.8,FALSE,TRUE,0.8
"817",9,1,3,0.1,0.7,FALSE,TRUE,0.6
"818",9,2,3,0.5,0.9,FALSE,TRUE,1
"819",9,3,3,0.1,0.7,FALSE,TRUE,0.3
"820",9,4,3,0.9,0.7,FALSE,TRUE,1
"821",9,5,3,0.4,0.8,TRUE,FALSE,0
"822",9,6,3,0.2,0.8,FALSE,TRUE,0.9
"823",9,7,3,0.1,0.6,TRUE,FALSE,0
"824",9,8,3,0.8,0.6,TRUE,FALSE,0.7
"825",9,9,3,0.7,0.8,FALSE,TRUE,1
"826",9,10,3,0.4,0.9,TRUE,FALSE,0
"827",9,11,3,0.9,0.6,TRUE,FALSE,0.8
"828",9,12,3,0.5,0.8,FALSE,TRUE,0.9
"829",10,1,3,0.1,0.7,FALSE,TRUE,0
"830",10,2,3,0.5,0.9,TRUE,TRUE,0.2
"831",10,3,3,0.1,0.7,TRUE,TRUE,0
"832",10,4,3,0.9,0.7,TRUE,FALSE,1
"833",10,5,3,0.4,0.8,FALSE,TRUE,1
"834",10,6,3,0.2,0.8,FALSE,FALSE,0
"835",10,7,3,0.1,0.6,FALSE,TRUE,0
"836",10,8,3,0.8,0.6,TRUE,TRUE,1
"837",10,9,3,0.7,0.8,TRUE,FALSE,0.3
"838",10,10,3,0.4,0.9,FALSE,TRUE,1
"839",10,11,3,0.9,0.6,TRUE,FALSE,1
"840",10,12,3,0.5,0.8,FALSE,TRUE,1
"841",11,1,3,0.1,0.7,FALSE,FALSE,0
"842",11,2,3,0.5,0.9,TRUE,FALSE,0
"843",11,3,3,0.1,0.7,FALSE,TRUE,0
"844",11,4,3,0.9,0.7,TRUE,FALSE,1
"845",11,5,3,0.4,0.8,FALSE,TRUE,0.8
"846",11,6,3,0.2,0.8,FALSE,TRUE,0.1
"847",11,7,3,0.1,0.6,FALSE,TRUE,0
"848",11,8,3,0.8,0.6,TRUE,FALSE,1
"849",11,9,3,0.7,0.8,FALSE,TRUE,1
"850",11,10,3,0.4,0.9,FALSE,TRUE,1
"851",11,11,3,0.9,0.6,TRUE,TRUE,1
"852",11,12,3,0.5,0.8,TRUE,FALSE,0
"853",12,1,3,0.1,0.7,TRUE,FALSE,0
"854",12,2,3,0.5,0.9,FALSE,TRUE,1
"855",12,3,3,0.1,0.7,FALSE,FALSE,0.1
"856",12,4,3,0.9,0.7,TRUE,FALSE,0.7
"857",12,5,3,0.4,0.8,FALSE,TRUE,0.4
"858",12,6,3,0.2,0.8,TRUE,FALSE,0
"859",12,7,3,0.1,0.6,FALSE,TRUE,0.2
"860",12,8,3,0.8,0.6,TRUE,TRUE,1
"861",12,9,3,0.7,0.8,TRUE,FALSE,0.2
"862",12,10,3,0.4,0.9,TRUE,FALSE,0
"863",12,11,3,0.9,0.6,TRUE,FALSE,0.9
"864",12,12,3,0.5,0.8,FALSE,TRUE,0.7
"865",13,1,3,0.1,0.7,FALSE,TRUE,0.2
"866",13,2,3,0.5,0.9,FALSE,TRUE,1
"867",13,3,3,0.1,0.7,FALSE,FALSE,0.1
"868",13,4,3,0.9,0.7,TRUE,FALSE,0.8
"869",13,5,3,0.4,0.8,TRUE,TRUE,0.3
"870",13,6,3,0.2,0.8,FALSE,FALSE,0.1
"871",13,7,3,0.1,0.6,FALSE,TRUE,0.1
"872",13,8,3,0.8,0.6,TRUE,FALSE,0.6
"873",13,9,3,0.7,0.8,TRUE,TRUE,0.7
"874",13,10,3,0.4,0.9,FALSE,TRUE,1
"875",13,11,3,0.9,0.6,FALSE,FALSE,0.5
"876",13,12,3,0.5,0.8,FALSE,TRUE,0.9
"877",14,1,3,0.1,0.7,FALSE,TRUE,0.8
"878",14,2,3,0.5,0.9,TRUE,FALSE,0
"879",14,3,3,0.1,0.7,FALSE,TRUE,0.7
"880",14,4,3,0.9,0.7,TRUE,TRUE,0.5
"881",14,5,3,0.4,0.8,FALSE,TRUE,0.3
"882",14,6,3,0.2,0.8,FALSE,TRUE,0.8
"883",14,7,3,0.1,0.6,FALSE,TRUE,0.4
"884",14,8,3,0.8,0.6,TRUE,TRUE,0.5
"885",14,9,3,0.7,0.8,TRUE,FALSE,0.1
"886",14,10,3,0.4,0.9,TRUE,FALSE,0
"887",14,11,3,0.9,0.6,FALSE,TRUE,0.8
"888",14,12,3,0.5,0.8,TRUE,FALSE,0.2
"889",15,1,3,0.1,0.7,FALSE,TRUE,0
"890",15,2,3,0.5,0.9,TRUE,FALSE,0.3
"891",15,3,3,0.1,0.7,TRUE,TRUE,0
"892",15,4,3,0.9,0.7,TRUE,TRUE,1
"893",15,5,3,0.4,0.8,FALSE,FALSE,0.3
"894",15,6,3,0.2,0.8,FALSE,TRUE,0.1
"895",15,7,3,0.1,0.6,FALSE,FALSE,0
"896",15,8,3,0.8,0.6,FALSE,FALSE,0.9
"897",15,9,3,0.7,0.8,TRUE,TRUE,0.7
"898",15,10,3,0.4,0.9,FALSE,TRUE,0.5
"899",15,11,3,0.9,0.6,TRUE,TRUE,1
"900",15,12,3,0.5,0.8,FALSE,TRUE,0.9
"901",16,1,3,0.1,0.7,FALSE,TRUE,0.4
"902",16,2,3,0.5,0.9,TRUE,FALSE,0
"903",16,3,3,0.1,0.7,FALSE,TRUE,0.7
"904",16,4,3,0.9,0.7,TRUE,FALSE,0.8
"905",16,5,3,0.4,0.8,FALSE,TRUE,0.8
"906",16,6,3,0.2,0.8,FALSE,TRUE,0.8
"907",16,7,3,0.1,0.6,FALSE,TRUE,0.1
"908",16,8,3,0.8,0.6,TRUE,TRUE,0.8
"909",16,9,3,0.7,0.8,TRUE,FALSE,0.1
"910",16,10,3,0.4,0.9,FALSE,TRUE,1
"911",16,11,3,0.9,0.6,TRUE,FALSE,0.8
"912",16,12,3,0.5,0.8,FALSE,FALSE,0.5
"913",17,1,3,0.1,0.7,FALSE,TRUE,0
"914",17,2,3,0.5,0.9,TRUE,FALSE,0
"915",17,3,3,0.1,0.7,FALSE,TRUE,0
"916",17,4,3,0.9,0.7,TRUE,FALSE,1
"917",17,5,3,0.4,0.8,TRUE,FALSE,0.1
"918",17,6,3,0.2,0.8,FALSE,TRUE,0.7
"919",17,7,3,0.1,0.6,FALSE,FALSE,0
"920",17,8,3,0.8,0.6,TRUE,TRUE,1
"921",17,9,3,0.7,0.8,TRUE,FALSE,1
"922",17,10,3,0.4,0.9,FALSE,TRUE,1
"923",17,11,3,0.9,0.6,TRUE,FALSE,0.9
"924",17,12,3,0.5,0.8,TRUE,FALSE,0.6
"925",18,1,3,0.1,0.7,FALSE,FALSE,0
"926",18,2,3,0.5,0.9,FALSE,TRUE,1
"927",18,3,3,0.1,0.7,FALSE,TRUE,0.2
"928",18,4,3,0.9,0.7,TRUE,TRUE,1
"929",18,5,3,0.4,0.8,FALSE,TRUE,0.4
"930",18,6,3,0.2,0.8,FALSE,TRUE,0.5
"931",18,7,3,0.1,0.6,FALSE,FALSE,0
"932",18,8,3,0.8,0.6,TRUE,TRUE,1
"933",18,9,3,0.7,0.8,TRUE,FALSE,0.1
"934",18,10,3,0.4,0.9,FALSE,TRUE,1
"935",18,11,3,0.9,0.6,TRUE,TRUE,1
"936",18,12,3,0.5,0.8,TRUE,FALSE,0
"937",19,1,3,0.1,0.7,FALSE,FALSE,0
"938",19,2,3,0.5,0.9,TRUE,FALSE,0
"939",19,3,3,0.1,0.7,FALSE,TRUE,0
"940",19,4,3,0.9,0.7,TRUE,TRUE,1
"941",19,5,3,0.4,0.8,TRUE,FALSE,0
"942",19,6,3,0.2,0.8,TRUE,FALSE,0
"943",19,7,3,0.1,0.6,FALSE,TRUE,0
"944",19,8,3,0.8,0.6,TRUE,FALSE,0.8
"945",19,9,3,0.7,0.8,FALSE,TRUE,1
"946",19,10,3,0.4,0.9,FALSE,TRUE,1
"947",19,11,3,0.9,0.6,TRUE,TRUE,1
"948",19,12,3,0.5,0.8,TRUE,TRUE,0.2
"949",20,1,3,0.1,0.7,FALSE,FALSE,0.1
"950",20,2,3,0.5,0.9,TRUE,FALSE,0
"951",20,3,3,0.1,0.7,FALSE,TRUE,0.7
"952",20,4,3,0.9,0.7,TRUE,TRUE,0.8
"953",20,5,3,0.4,0.8,TRUE,TRUE,0.5
"954",20,6,3,0.2,0.8,TRUE,FALSE,0
"955",20,7,3,0.1,0.6,FALSE,FALSE,0.1
"956",20,8,3,0.8,0.6,FALSE,TRUE,0.9
"957",20,9,3,0.7,0.8,TRUE,FALSE,0.3
"958",20,10,3,0.4,0.9,FALSE,TRUE,1
"959",20,11,3,0.9,0.6,TRUE,TRUE,0.8
"960",20,12,3,0.5,0.8,TRUE,FALSE,0
"961",21,1,3,0.1,0.7,FALSE,FALSE,0
"962",21,2,3,0.5,0.9,TRUE,FALSE,0
"963",21,3,3,0.1,0.7,FALSE,FALSE,0
"964",21,4,3,0.9,0.7,TRUE,FALSE,1
"965",21,5,3,0.4,0.8,TRUE,FALSE,0.1
"966",21,6,3,0.2,0.8,FALSE,FALSE,0
"967",21,7,3,0.1,0.6,FALSE,FALSE,0
"968",21,8,3,0.8,0.6,TRUE,FALSE,0.8
"969",21,9,3,0.7,0.8,TRUE,FALSE,0.3
"970",21,10,3,0.4,0.9,TRUE,FALSE,0
"971",21,11,3,0.9,0.6,TRUE,FALSE,0.9
"972",21,12,3,0.5,0.8,FALSE,TRUE,0.9
"973",22,1,3,0.1,0.7,FALSE,TRUE,0.8
"974",22,2,3,0.5,0.9,FALSE,TRUE,1
"975",22,3,3,0.1,0.7,FALSE,TRUE,0.7
"976",22,4,3,0.9,0.7,TRUE,FALSE,0.3
"977",22,5,3,0.4,0.8,FALSE,FALSE,0.3
"978",22,6,3,0.2,0.8,FALSE,TRUE,0.9
"979",22,7,3,0.1,0.6,TRUE,FALSE,0.2
"980",22,8,3,0.8,0.6,FALSE,FALSE,0.5
"981",22,9,3,0.7,0.8,TRUE,TRUE,0.7
"982",22,10,3,0.4,0.9,TRUE,TRUE,0.6
"983",22,11,3,0.9,0.6,TRUE,FALSE,0.6
"984",22,12,3,0.5,0.8,TRUE,FALSE,0
"985",23,1,3,0.1,0.7,FALSE,FALSE,0.2
"986",23,2,3,0.5,0.9,FALSE,TRUE,1
"987",23,3,3,0.1,0.7,FALSE,FALSE,0.3
"988",23,4,3,0.9,0.7,TRUE,FALSE,0.9
"989",23,5,3,0.4,0.8,TRUE,FALSE,0.5
"990",23,6,3,0.2,0.8,FALSE,TRUE,0.8
"991",23,7,3,0.1,0.6,FALSE,FALSE,0.1
"992",23,8,3,0.8,0.6,TRUE,TRUE,0.8
"993",23,9,3,0.7,0.8,FALSE,TRUE,0.8
"994",23,10,3,0.4,0.9,FALSE,TRUE,1
"995",23,11,3,0.9,0.6,TRUE,FALSE,0.8
"996",23,12,3,0.5,0.8,TRUE,FALSE,0.1
"997",24,1,3,0.1,0.7,FALSE,TRUE,0.7
"998",24,2,3,0.5,0.9,FALSE,TRUE,1
"999",24,3,3,0.1,0.7,FALSE,TRUE,0.6
"1000",24,4,3,0.9,0.7,TRUE,FALSE,0.4
"1001",24,5,3,0.4,0.8,TRUE,FALSE,0
"1002",24,6,3,0.2,0.8,FALSE,TRUE,0.9
"1003",24,7,3,0.1,0.6,FALSE,TRUE,0.2
"1004",24,8,3,0.8,0.6,TRUE,FALSE,0.6
"1005",24,9,3,0.7,0.8,TRUE,FALSE,0
"1006",24,10,3,0.4,0.9,TRUE,FALSE,0
"1007",24,11,3,0.9,0.6,TRUE,FALSE,0.7
"1008",24,12,3,0.5,0.8,TRUE,TRUE,0.5
"1009",25,1,3,0.1,0.7,FALSE,FALSE,0.1
"1010",25,2,3,0.5,0.9,TRUE,FALSE,0
"1011",25,3,3,0.1,0.7,FALSE,TRUE,0.8
"1012",25,4,3,0.9,0.7,TRUE,FALSE,0.5
"1013",25,5,3,0.4,0.8,FALSE,FALSE,0.1
"1014",25,6,3,0.2,0.8,FALSE,FALSE,0.3
"1015",25,7,3,0.1,0.6,TRUE,TRUE,0.8
"1016",25,8,3,0.8,0.6,TRUE,TRUE,0.6
"1017",25,9,3,0.7,0.8,TRUE,TRUE,0.8
"1018",25,10,3,0.4,0.9,TRUE,FALSE,0
"1019",25,11,3,0.9,0.6,TRUE,FALSE,0.5
"1020",25,12,3,0.5,0.8,TRUE,FALSE,0.3
"1021",26,1,3,0.1,0.7,FALSE,FALSE,0.3
"1022",26,2,3,0.5,0.9,FALSE,TRUE,1
"1023",26,3,3,0.1,0.7,FALSE,FALSE,0.1
"1024",26,4,3,0.9,0.7,TRUE,TRUE,1
"1025",26,5,3,0.4,0.8,FALSE,TRUE,0.4
"1026",26,6,3,0.2,0.8,TRUE,TRUE,0.6
"1027",26,7,3,0.1,0.6,FALSE,FALSE,0.1
"1028",26,8,3,0.8,0.6,TRUE,TRUE,1
"1029",26,9,3,0.7,0.8,TRUE,FALSE,0
"1030",26,10,3,0.4,0.9,TRUE,FALSE,0
"1031",26,11,3,0.9,0.6,TRUE,FALSE,0.9
"1032",26,12,3,0.5,0.8,FALSE,TRUE,1
"1033",27,1,3,0.1,0.7,FALSE,TRUE,0.1
"1034",27,2,3,0.5,0.9,FALSE,TRUE,1
"1035",27,3,3,0.1,0.7,FALSE,TRUE,0.1
"1036",27,4,3,0.9,0.7,TRUE,FALSE,0.9
"1037",27,5,3,0.4,0.8,TRUE,FALSE,0
"1038",27,6,3,0.2,0.8,FALSE,TRUE,0.1
"1039",27,7,3,0.1,0.6,FALSE,TRUE,0.1
"1040",27,8,3,0.8,0.6,FALSE,FALSE,0.9
"1041",27,9,3,0.7,0.8,TRUE,FALSE,0.6
"1042",27,10,3,0.4,0.9,FALSE,TRUE,0.9
"1043",27,11,3,0.9,0.6,TRUE,FALSE,0.9
"1044",27,12,3,0.5,0.8,FALSE,TRUE,0.5
"1045",28,1,3,0.1,0.7,FALSE,TRUE,0.2
"1046",28,2,3,0.5,0.9,FALSE,TRUE,1
"1047",28,3,3,0.1,0.7,FALSE,TRUE,0.5
"1048",28,4,3,0.9,0.7,TRUE,FALSE,0.5
"1049",28,5,3,0.4,0.8,FALSE,TRUE,0.9
"1050",28,6,3,0.2,0.8,FALSE,TRUE,0.2
"1051",28,7,3,0.1,0.6,TRUE,FALSE,0
"1052",28,8,3,0.8,0.6,TRUE,FALSE,0.5
"1053",28,9,3,0.7,0.8,TRUE,TRUE,0.4
"1054",28,10,3,0.4,0.9,TRUE,FALSE,0
"1055",28,11,3,0.9,0.6,TRUE,FALSE,0.9
"1056",28,12,3,0.5,0.8,TRUE,FALSE,0
"1057",29,1,3,0.1,0.7,FALSE,TRUE,0
"1058",29,2,3,0.5,0.9,TRUE,FALSE,0
"1059",29,3,3,0.1,0.7,FALSE,TRUE,0.1
"1060",29,4,3,0.9,0.7,TRUE,TRUE,1
"1061",29,5,3,0.4,0.8,FALSE,TRUE,1
"1062",29,6,3,0.2,0.8,FALSE,TRUE,0.6
"1063",29,7,3,0.1,0.6,FALSE,FALSE,0
"1064",29,8,3,0.8,0.6,TRUE,TRUE,0.9
"1065",29,9,3,0.7,0.8,TRUE,FALSE,0.2
"1066",29,10,3,0.4,0.9,TRUE,FALSE,0
"1067",29,11,3,0.9,0.6,TRUE,FALSE,0.9
"1068",29,12,3,0.5,0.8,FALSE,TRUE,1
"1069",30,1,3,0.1,0.7,FALSE,FALSE,0.1
"1070",30,2,3,0.5,0.9,TRUE,FALSE,0.1
"1071",30,3,3,0.1,0.7,FALSE,FALSE,0.3
"1072",30,4,3,0.9,0.7,TRUE,FALSE,0.6
"1073",30,5,3,0.4,0.8,FALSE,TRUE,0.3
"1074",30,6,3,0.2,0.8,FALSE,TRUE,0.4
"1075",30,7,3,0.1,0.6,FALSE,TRUE,0.2
"1076",30,8,3,0.8,0.6,TRUE,FALSE,0.7
"1077",30,9,3,0.7,0.8,TRUE,FALSE,0.1
"1078",30,10,3,0.4,0.9,FALSE,TRUE,0.9
"1079",30,11,3,0.9,0.6,TRUE,FALSE,0.8
"1080",30,12,3,0.5,0.8,TRUE,FALSE,0.2
"1081",1,1,4,0.1,0.7,FALSE,FALSE,0.1
"1082",1,2,4,0.5,0.9,FALSE,TRUE,1
"1083",1,3,4,0.1,0.7,FALSE,TRUE,0
"1084",1,4,4,0.9,0.7,TRUE,TRUE,1
"1085",1,5,4,0.4,0.8,FALSE,TRUE,0.6
"1086",1,6,4,0.2,0.8,TRUE,FALSE,0
"1087",1,7,4,0.1,0.6,FALSE,FALSE,0
"1088",1,8,4,0.8,0.6,TRUE,FALSE,0.5
"1089",1,9,4,0.7,0.8,TRUE,TRUE,0.5
"1090",1,10,4,0.4,0.9,FALSE,TRUE,1
"1091",1,11,4,0.9,0.6,TRUE,FALSE,0.9
"1092",1,12,4,0.5,0.8,TRUE,FALSE,0
"1093",2,1,4,0.1,0.7,FALSE,TRUE,0.2
"1094",2,2,4,0.5,0.9,TRUE,FALSE,0.1
"1095",2,3,4,0.1,0.7,FALSE,FALSE,0
"1096",2,4,4,0.9,0.7,FALSE,TRUE,1
"1097",2,5,4,0.4,0.8,TRUE,FALSE,0.2
"1098",2,6,4,0.2,0.8,TRUE,FALSE,0
"1099",2,7,4,0.1,0.6,FALSE,TRUE,0
"1100",2,8,4,0.8,0.6,TRUE,TRUE,0.9
"1101",2,9,4,0.7,0.8,TRUE,TRUE,1
"1102",2,10,4,0.4,0.9,TRUE,FALSE,0
"1103",2,11,4,0.9,0.6,TRUE,FALSE,0.9
"1104",2,12,4,0.5,0.8,FALSE,TRUE,1
"1105",3,1,4,0.1,0.7,FALSE,TRUE,0.2
"1106",3,2,4,0.5,0.9,TRUE,FALSE,0
"1107",3,3,4,0.1,0.7,FALSE,TRUE,0.4
"1108",3,4,4,0.9,0.7,TRUE,TRUE,0.9
"1109",3,5,4,0.4,0.8,FALSE,TRUE,0.9
"1110",3,6,4,0.2,0.8,FALSE,TRUE,0.2
"1111",3,7,4,0.1,0.6,FALSE,TRUE,0.1
"1112",3,8,4,0.8,0.6,TRUE,TRUE,1
"1113",3,9,4,0.7,0.8,TRUE,FALSE,0.2
"1114",3,10,4,0.4,0.9,FALSE,TRUE,1
"1115",3,11,4,0.9,0.6,TRUE,FALSE,0.9
"1116",3,12,4,0.5,0.8,TRUE,FALSE,0.1
"1117",4,1,4,0.1,0.7,FALSE,FALSE,0.4
"1118",4,2,4,0.5,0.9,FALSE,TRUE,1
"1119",4,3,4,0.1,0.7,FALSE,TRUE,0.8
"1120",4,4,4,0.9,0.7,TRUE,FALSE,0.2
"1121",4,5,4,0.4,0.8,TRUE,FALSE,0
"1122",4,6,4,0.2,0.8,FALSE,TRUE,1
"1123",4,7,4,0.1,0.6,FALSE,TRUE,0.6
"1124",4,8,4,0.8,0.6,FALSE,FALSE,0.5
"1125",4,9,4,0.7,0.8,TRUE,FALSE,0
"1126",4,10,4,0.4,0.9,TRUE,FALSE,0
"1127",4,11,4,0.9,0.6,TRUE,FALSE,0.2
"1128",4,12,4,0.5,0.8,FALSE,TRUE,0.9
"1129",5,1,4,0.1,0.7,FALSE,TRUE,0.7
"1130",5,2,4,0.5,0.9,FALSE,FALSE,0.1
"1131",5,3,4,0.1,0.7,FALSE,TRUE,0.8
"1132",5,4,4,0.9,0.7,FALSE,TRUE,0.7
"1133",5,5,4,0.4,0.8,FALSE,TRUE,0.9
"1134",5,6,4,0.2,0.8,FALSE,TRUE,0.7
"1135",5,7,4,0.1,0.6,FALSE,TRUE,0.5
"1136",5,8,4,0.8,0.6,TRUE,FALSE,0.3
"1137",5,9,4,0.7,0.8,TRUE,TRUE,0.6
"1138",5,10,4,0.4,0.9,FALSE,FALSE,0.3
"1139",5,11,4,0.9,0.6,TRUE,FALSE,0.5
"1140",5,12,4,0.5,0.8,FALSE,TRUE,0.9
"1141",6,1,4,0.1,0.7,FALSE,FALSE,0
"1142",6,2,4,0.5,0.9,FALSE,TRUE,1
"1143",6,3,4,0.1,0.7,FALSE,FALSE,0
"1144",6,4,4,0.9,0.7,TRUE,TRUE,1
"1145",6,5,4,0.4,0.8,TRUE,FALSE,0
"1146",6,6,4,0.2,0.8,FALSE,TRUE,0.9
"1147",6,7,4,0.1,0.6,FALSE,FALSE,0
"1148",6,8,4,0.8,0.6,TRUE,FALSE,0.9
"1149",6,9,4,0.7,0.8,TRUE,FALSE,0
"1150",6,10,4,0.4,0.9,TRUE,FALSE,0
"1151",6,11,4,0.9,0.6,TRUE,TRUE,1
"1152",6,12,4,0.5,0.8,TRUE,TRUE,0.9
"1153",7,1,4,0.1,0.7,FALSE,TRUE,0.2
"1154",7,2,4,0.5,0.9,TRUE,FALSE,0.1
"1155",7,3,4,0.1,0.7,FALSE,TRUE,0.5
"1156",7,4,4,0.9,0.7,TRUE,TRUE,1
"1157",7,5,4,0.4,0.8,TRUE,FALSE,0.1
"1158",7,6,4,0.2,0.8,TRUE,FALSE,0.1
"1159",7,7,4,0.1,0.6,FALSE,FALSE,0.1
"1160",7,8,4,0.8,0.6,TRUE,TRUE,0.7
"1161",7,9,4,0.7,0.8,FALSE,TRUE,0.9
"1162",7,10,4,0.4,0.9,FALSE,TRUE,1
"1163",7,11,4,0.9,0.6,TRUE,FALSE,0.8
"1164",7,12,4,0.5,0.8,FALSE,TRUE,1
"1165",8,1,4,0.1,0.7,TRUE,FALSE,0.5
"1166",8,2,4,0.5,0.9,TRUE,FALSE,0
"1167",8,3,4,0.1,0.7,FALSE,TRUE,0.7
"1168",8,4,4,0.9,0.7,TRUE,FALSE,0.1
"1169",8,5,4,0.4,0.8,FALSE,TRUE,0.8
"1170",8,6,4,0.2,0.8,FALSE,TRUE,0.9
"1171",8,7,4,0.1,0.6,FALSE,FALSE,0.3
"1172",8,8,4,0.8,0.6,TRUE,TRUE,0.7
"1173",8,9,4,0.7,0.8,TRUE,FALSE,0.4
"1174",8,10,4,0.4,0.9,FALSE,TRUE,0.9
"1175",8,11,4,0.9,0.6,TRUE,FALSE,0.7
"1176",8,12,4,0.5,0.8,FALSE,TRUE,0.8
"1177",9,1,4,0.1,0.7,FALSE,FALSE,0.3
"1178",9,2,4,0.5,0.9,FALSE,TRUE,1
"1179",9,3,4,0.1,0.7,FALSE,FALSE,0.1
"1180",9,4,4,0.9,0.7,FALSE,TRUE,1
"1181",9,5,4,0.4,0.8,TRUE,FALSE,0
"1182",9,6,4,0.2,0.8,FALSE,TRUE,1
"1183",9,7,4,0.1,0.6,TRUE,FALSE,0
"1184",9,8,4,0.8,0.6,TRUE,TRUE,0.9
"1185",9,9,4,0.7,0.8,FALSE,TRUE,1
"1186",9,10,4,0.4,0.9,TRUE,FALSE,0
"1187",9,11,4,0.9,0.6,TRUE,TRUE,0.9
"1188",9,12,4,0.5,0.8,FALSE,TRUE,1
"1189",10,1,4,0.1,0.7,FALSE,TRUE,0
"1190",10,2,4,0.5,0.9,TRUE,FALSE,0
"1191",10,3,4,0.1,0.7,TRUE,FALSE,0
"1192",10,4,4,0.9,0.7,TRUE,TRUE,1
"1193",10,5,4,0.4,0.8,FALSE,FALSE,0.9
"1194",10,6,4,0.2,0.8,FALSE,TRUE,0
"1195",10,7,4,0.1,0.6,FALSE,TRUE,0
"1196",10,8,4,0.8,0.6,TRUE,FALSE,1
"1197",10,9,4,0.7,0.8,TRUE,TRUE,0.7
"1198",10,10,4,0.4,0.9,FALSE,TRUE,1
"1199",10,11,4,0.9,0.6,TRUE,TRUE,1
"1200",10,12,4,0.5,0.8,FALSE,FALSE,1
"1201",11,1,4,0.1,0.7,FALSE,TRUE,0
"1202",11,2,4,0.5,0.9,TRUE,FALSE,0
"1203",11,3,4,0.1,0.7,FALSE,TRUE,0
"1204",11,4,4,0.9,0.7,TRUE,FALSE,1
"1205",11,5,4,0.4,0.8,FALSE,TRUE,1
"1206",11,6,4,0.2,0.8,FALSE,FALSE,0
"1207",11,7,4,0.1,0.6,FALSE,FALSE,0
"1208",11,8,4,0.8,0.6,TRUE,FALSE,1
"1209",11,9,4,0.7,0.8,FALSE,FALSE,1
"1210",11,10,4,0.4,0.9,FALSE,FALSE,1
"1211",11,11,4,0.9,0.6,TRUE,TRUE,1
"1212",11,12,4,0.5,0.8,TRUE,FALSE,0
"1213",12,1,4,0.1,0.7,TRUE,TRUE,0.2
"1214",12,2,4,0.5,0.9,FALSE,TRUE,1
"1215",12,3,4,0.1,0.7,FALSE,FALSE,0
"1216",12,4,4,0.9,0.7,TRUE,TRUE,0.9
"1217",12,5,4,0.4,0.8,FALSE,TRUE,0.4
"1218",12,6,4,0.2,0.8,TRUE,FALSE,0
"1219",12,7,4,0.1,0.6,FALSE,FALSE,0.1
"1220",12,8,4,0.8,0.6,TRUE,TRUE,1
"1221",12,9,4,0.7,0.8,TRUE,FALSE,0.1
"1222",12,10,4,0.4,0.9,TRUE,FALSE,0
"1223",12,11,4,0.9,0.6,TRUE,FALSE,0.8
"1224",12,12,4,0.5,0.8,FALSE,TRUE,1
"1225",13,1,4,0.1,0.7,FALSE,FALSE,0.1
"1226",13,2,4,0.5,0.9,FALSE,TRUE,1
"1227",13,3,4,0.1,0.7,FALSE,TRUE,0.3
"1228",13,4,4,0.9,0.7,TRUE,FALSE,0.6
"1229",13,5,4,0.4,0.8,TRUE,FALSE,0.1
"1230",13,6,4,0.2,0.8,FALSE,TRUE,0.4
"1231",13,7,4,0.1,0.6,FALSE,TRUE,0
"1232",13,8,4,0.8,0.6,TRUE,FALSE,0.6
"1233",13,9,4,0.7,0.8,TRUE,FALSE,0.2
"1234",13,10,4,0.4,0.9,FALSE,TRUE,1
"1235",13,11,4,0.9,0.6,FALSE,TRUE,0.6
"1236",13,12,4,0.5,0.8,FALSE,TRUE,1
"1237",14,1,4,0.1,0.7,FALSE,TRUE,0.9
"1238",14,2,4,0.5,0.9,TRUE,FALSE,0
"1239",14,3,4,0.1,0.7,FALSE,TRUE,0.8
"1240",14,4,4,0.9,0.7,TRUE,FALSE,0.1
"1241",14,5,4,0.4,0.8,FALSE,TRUE,0.8
"1242",14,6,4,0.2,0.8,FALSE,TRUE,0.8
"1243",14,7,4,0.1,0.6,FALSE,FALSE,0.6
"1244",14,8,4,0.8,0.6,TRUE,FALSE,0.2
"1245",14,9,4,0.7,0.8,TRUE,FALSE,0
"1246",14,10,4,0.4,0.9,TRUE,FALSE,0
"1247",14,11,4,0.9,0.6,FALSE,TRUE,0.9
"1248",14,12,4,0.5,0.8,TRUE,FALSE,0
"1249",15,1,4,0.1,0.7,FALSE,FALSE,0
"1250",15,2,4,0.5,0.9,TRUE,TRUE,0.5
"1251",15,3,4,0.1,0.7,TRUE,FALSE,0
"1252",15,4,4,0.9,0.7,TRUE,TRUE,1
"1253",15,5,4,0.4,0.8,FALSE,TRUE,0.4
"1254",15,6,4,0.2,0.8,FALSE,FALSE,0.1
"1255",15,7,4,0.1,0.6,FALSE,TRUE,0
"1256",15,8,4,0.8,0.6,FALSE,TRUE,0.9
"1257",15,9,4,0.7,0.8,TRUE,FALSE,0.9
"1258",15,10,4,0.4,0.9,FALSE,TRUE,0.6
"1259",15,11,4,0.9,0.6,TRUE,TRUE,1
"1260",15,12,4,0.5,0.8,FALSE,TRUE,0.9
"1261",16,1,4,0.1,0.7,FALSE,FALSE,0.1
"1262",16,2,4,0.5,0.9,TRUE,FALSE,0
"1263",16,3,4,0.1,0.7,FALSE,TRUE,0.8
"1264",16,4,4,0.9,0.7,TRUE,FALSE,0.5
"1265",16,5,4,0.4,0.8,FALSE,TRUE,0.9
"1266",16,6,4,0.2,0.8,FALSE,TRUE,0.9
"1267",16,7,4,0.1,0.6,FALSE,FALSE,0.1
"1268",16,8,4,0.8,0.6,TRUE,FALSE,0.7
"1269",16,9,4,0.7,0.8,TRUE,FALSE,0
"1270",16,10,4,0.4,0.9,FALSE,TRUE,1
"1271",16,11,4,0.9,0.6,TRUE,FALSE,0.8
"1272",16,12,4,0.5,0.8,FALSE,TRUE,0.8
"1273",17,1,4,0.1,0.7,FALSE,FALSE,0
"1274",17,2,4,0.5,0.9,TRUE,FALSE,0
"1275",17,3,4,0.1,0.7,FALSE,TRUE,0
"1276",17,4,4,0.9,0.7,TRUE,TRUE,1
"1277",17,5,4,0.4,0.8,TRUE,FALSE,0
"1278",17,6,4,0.2,0.8,FALSE,TRUE,0.9
"1279",17,7,4,0.1,0.6,FALSE,TRUE,0
"1280",17,8,4,0.8,0.6,TRUE,FALSE,1
"1281",17,9,4,0.7,0.8,TRUE,TRUE,1
"1282",17,10,4,0.4,0.9,FALSE,TRUE,1
"1283",17,11,4,0.9,0.6,TRUE,TRUE,0.9
"1284",17,12,4,0.5,0.8,TRUE,FALSE,0.3
"1285",18,1,4,0.1,0.7,FALSE,FALSE,0
"1286",18,2,4,0.5,0.9,FALSE,TRUE,1
"1287",18,3,4,0.1,0.7,FALSE,TRUE,0.1
"1288",18,4,4,0.9,0.7,TRUE,FALSE,1
"1289",18,5,4,0.4,0.8,FALSE,TRUE,0.5
"1290",18,6,4,0.2,0.8,FALSE,TRUE,0.8
"1291",18,7,4,0.1,0.6,FALSE,FALSE,0
"1292",18,8,4,0.8,0.6,TRUE,TRUE,1
"1293",18,9,4,0.7,0.8,TRUE,TRUE,0.3
"1294",18,10,4,0.4,0.9,FALSE,TRUE,1
"1295",18,11,4,0.9,0.6,TRUE,TRUE,1
"1296",18,12,4,0.5,0.8,TRUE,FALSE,0
"1297",19,1,4,0.1,0.7,FALSE,TRUE,0
"1298",19,2,4,0.5,0.9,TRUE,FALSE,0
"1299",19,3,4,0.1,0.7,FALSE,TRUE,0
"1300",19,4,4,0.9,0.7,TRUE,TRUE,1
"1301",19,5,4,0.4,0.8,TRUE,FALSE,0
"1302",19,6,4,0.2,0.8,TRUE,FALSE,0
"1303",19,7,4,0.1,0.6,FALSE,FALSE,0
"1304",19,8,4,0.8,0.6,TRUE,FALSE,0.8
"1305",19,9,4,0.7,0.8,FALSE,TRUE,1
"1306",19,10,4,0.4,0.9,FALSE,TRUE,1
"1307",19,11,4,0.9,0.6,TRUE,FALSE,1
"1308",19,12,4,0.5,0.8,TRUE,FALSE,0
"1309",20,1,4,0.1,0.7,FALSE,TRUE,0.2
"1310",20,2,4,0.5,0.9,TRUE,FALSE,0
"1311",20,3,4,0.1,0.7,FALSE,TRUE,0.9
"1312",20,4,4,0.9,0.7,TRUE,FALSE,0.7
"1313",20,5,4,0.4,0.8,TRUE,FALSE,0.1
"1314",20,6,4,0.2,0.8,TRUE,TRUE,0.1
"1315",20,7,4,0.1,0.6,FALSE,TRUE,0.3
"1316",20,8,4,0.8,0.6,FALSE,TRUE,1
"1317",20,9,4,0.7,0.8,TRUE,FALSE,0.1
"1318",20,10,4,0.4,0.9,FALSE,TRUE,1
"1319",20,11,4,0.9,0.6,TRUE,FALSE,0.6
"1320",20,12,4,0.5,0.8,TRUE,FALSE,0
"1321",21,1,4,0.1,0.7,FALSE,TRUE,0.1
"1322",21,2,4,0.5,0.9,TRUE,FALSE,0
"1323",21,3,4,0.1,0.7,FALSE,TRUE,0
"1324",21,4,4,0.9,0.7,TRUE,FALSE,1
"1325",21,5,4,0.4,0.8,TRUE,FALSE,0
"1326",21,6,4,0.2,0.8,FALSE,TRUE,0
"1327",21,7,4,0.1,0.6,FALSE,TRUE,0
"1328",21,8,4,0.8,0.6,TRUE,FALSE,0.8
"1329",21,9,4,0.7,0.8,TRUE,FALSE,0.1
"1330",21,10,4,0.4,0.9,TRUE,FALSE,0
"1331",21,11,4,0.9,0.6,TRUE,TRUE,1
"1332",21,12,4,0.5,0.8,FALSE,TRUE,0.9
"1333",22,1,4,0.1,0.7,FALSE,TRUE,0.9
"1334",22,2,4,0.5,0.9,FALSE,FALSE,0.5
"1335",22,3,4,0.1,0.7,FALSE,TRUE,0.8
"1336",22,4,4,0.9,0.7,TRUE,TRUE,0.7
"1337",22,5,4,0.4,0.8,FALSE,TRUE,0.7
"1338",22,6,4,0.2,0.8,FALSE,TRUE,1
"1339",22,7,4,0.1,0.6,TRUE,TRUE,0.3
"1340",22,8,4,0.8,0.6,FALSE,FALSE,0.2
"1341",22,9,4,0.7,0.8,TRUE,FALSE,0.3
"1342",22,10,4,0.4,0.9,TRUE,FALSE,0.1
"1343",22,11,4,0.9,0.6,TRUE,TRUE,0.5
"1344",22,12,4,0.5,0.8,TRUE,FALSE,0
"1345",23,1,4,0.1,0.7,FALSE,FALSE,0.1
"1346",23,2,4,0.5,0.9,FALSE,TRUE,1
"1347",23,3,4,0.1,0.7,FALSE,TRUE,0.4
"1348",23,4,4,0.9,0.7,TRUE,FALSE,0.6
"1349",23,5,4,0.4,0.8,TRUE,FALSE,0.1
"1350",23,6,4,0.2,0.8,FALSE,TRUE,0.9
"1351",23,7,4,0.1,0.6,FALSE,TRUE,0.4
"1352",23,8,4,0.8,0.6,TRUE,FALSE,0.7
"1353",23,9,4,0.7,0.8,FALSE,TRUE,0.9
"1354",23,10,4,0.4,0.9,FALSE,TRUE,1
"1355",23,11,4,0.9,0.6,TRUE,FALSE,0.5
"1356",23,12,4,0.5,0.8,TRUE,FALSE,0
"1357",24,1,4,0.1,0.7,FALSE,TRUE,0.8
"1358",24,2,4,0.5,0.9,FALSE,TRUE,1
"1359",24,3,4,0.1,0.7,FALSE,TRUE,0.8
"1360",24,4,4,0.9,0.7,TRUE,FALSE,0.2
"1361",24,5,4,0.4,0.8,TRUE,FALSE,0
"1362",24,6,4,0.2,0.8,FALSE,TRUE,1
"1363",24,7,4,0.1,0.6,FALSE,FALSE,0.2
"1364",24,8,4,0.8,0.6,TRUE,TRUE,0.8
"1365",24,9,4,0.7,0.8,TRUE,FALSE,0
"1366",24,10,4,0.4,0.9,TRUE,FALSE,0
"1367",24,11,4,0.9,0.6,TRUE,FALSE,0.7
"1368",24,12,4,0.5,0.8,TRUE,FALSE,0.2
"1369",25,1,4,0.1,0.7,FALSE,FALSE,0.2
"1370",25,2,4,0.5,0.9,TRUE,FALSE,0
"1371",25,3,4,0.1,0.7,FALSE,TRUE,0.8
"1372",25,4,4,0.9,0.7,TRUE,FALSE,0.4
"1373",25,5,4,0.4,0.8,FALSE,TRUE,0.6
"1374",25,6,4,0.2,0.8,FALSE,FALSE,0.2
"1375",25,7,4,0.1,0.6,TRUE,TRUE,0.7
"1376",25,8,4,0.8,0.6,TRUE,FALSE,0.5
"1377",25,9,4,0.7,0.8,TRUE,TRUE,0.9
"1378",25,10,4,0.4,0.9,TRUE,FALSE,0
"1379",25,11,4,0.9,0.6,TRUE,TRUE,0.5
"1380",25,12,4,0.5,0.8,TRUE,TRUE,0.8
"1381",26,1,4,0.1,0.7,FALSE,FALSE,0.1
"1382",26,2,4,0.5,0.9,FALSE,FALSE,1
"1383",26,3,4,0.1,0.7,FALSE,TRUE,0.1
"1384",26,4,4,0.9,0.7,TRUE,FALSE,0.9
"1385",26,5,4,0.4,0.8,FALSE,TRUE,0.8
"1386",26,6,4,0.2,0.8,TRUE,FALSE,0.2
"1387",26,7,4,0.1,0.6,FALSE,TRUE,0.1
"1388",26,8,4,0.8,0.6,TRUE,FALSE,0.9
"1389",26,9,4,0.7,0.8,TRUE,FALSE,0
"1390",26,10,4,0.4,0.9,TRUE,TRUE,0.1
"1391",26,11,4,0.9,0.6,TRUE,FALSE,0.7
"1392",26,12,4,0.5,0.8,FALSE,FALSE,0.9
"1393",27,1,4,0.1,0.7,FALSE,TRUE,0.1
"1394",27,2,4,0.5,0.9,FALSE,TRUE,1
"1395",27,3,4,0.1,0.7,FALSE,FALSE,0.1
"1396",27,4,4,0.9,0.7,TRUE,FALSE,0.9
"1397",27,5,4,0.4,0.8,TRUE,TRUE,0.1
"1398",27,6,4,0.2,0.8,FALSE,TRUE,0.3
"1399",27,7,4,0.1,0.6,FALSE,TRUE,0.1
"1400",27,8,4,0.8,0.6,FALSE,FALSE,0.7
"1401",27,9,4,0.7,0.8,TRUE,FALSE,0.3
"1402",27,10,4,0.4,0.9,FALSE,TRUE,1
"1403",27,11,4,0.9,0.6,TRUE,FALSE,0.9
"1404",27,12,4,0.5,0.8,FALSE,TRUE,0.9
"1405",28,1,4,0.1,0.7,FALSE,FALSE,0
"1406",28,2,4,0.5,0.9,FALSE,FALSE,1
"1407",28,3,4,0.1,0.7,FALSE,FALSE,0.2
"1408",28,4,4,0.9,0.7,TRUE,TRUE,0.9
"1409",28,5,4,0.4,0.8,FALSE,TRUE,0.9
"1410",28,6,4,0.2,0.8,FALSE,TRUE,0.5
"1411",28,7,4,0.1,0.6,TRUE,TRUE,0
"1412",28,8,4,0.8,0.6,TRUE,TRUE,0.5
"1413",28,9,4,0.7,0.8,TRUE,FALSE,0.2
"1414",28,10,4,0.4,0.9,TRUE,FALSE,0
"1415",28,11,4,0.9,0.6,TRUE,TRUE,0.8
"1416",28,12,4,0.5,0.8,TRUE,FALSE,0
"1417",29,1,4,0.1,0.7,FALSE,FALSE,0
"1418",29,2,4,0.5,0.9,TRUE,FALSE,0
"1419",29,3,4,0.1,0.7,FALSE,FALSE,0
"1420",29,4,4,0.9,0.7,TRUE,FALSE,1
"1421",29,5,4,0.4,0.8,FALSE,FALSE,0.9
"1422",29,6,4,0.2,0.8,FALSE,TRUE,1
"1423",29,7,4,0.1,0.6,FALSE,TRUE,0
"1424",29,8,4,0.8,0.6,TRUE,TRUE,1
"1425",29,9,4,0.7,0.8,TRUE,FALSE,0
"1426",29,10,4,0.4,0.9,TRUE,FALSE,0
"1427",29,11,4,0.9,0.6,TRUE,TRUE,1
"1428",29,12,4,0.5,0.8,FALSE,TRUE,1
"1429",30,1,4,0.1,0.7,FALSE,TRUE,0.3
"1430",30,2,4,0.5,0.9,TRUE,FALSE,0
"1431",30,3,4,0.1,0.7,FALSE,TRUE,0.6
"1432",30,4,4,0.9,0.7,TRUE,FALSE,0.6
"1433",30,5,4,0.4,0.8,FALSE,FALSE,0.1
"1434",30,6,4,0.2,0.8,FALSE,TRUE,0.8
"1435",30,7,4,0.1,0.6,FALSE,FALSE,0.3
"1436",30,8,4,0.8,0.6,TRUE,TRUE,0.7
"1437",30,9,4,0.7,0.8,TRUE,FALSE,0.2
"1438",30,10,4,0.4,0.9,FALSE,TRUE,1
"1439",30,11,4,0.9,0.6,TRUE,FALSE,0.8
"1440",30,12,4,0.5,0.8,TRUE,FALSE,0.1
